species,season,prop_tropics,range_km2,Family,WS_L,WS_U
Abaeis nicippe,S1,0.3998217000180452,9901537.496197809,Pieridae,3.114285714,4.757142857
Abaeis nicippe,S2,0.5952198702171639,22203817.04762563,Pieridae,3.114285714,4.757142857
Abaeis nicippe,S3,0.25922182843954455,12366815.60093045,Pieridae,3.114285714,4.757142857
Abaeis nicippe,S4,0.3742486904753618,10274500.399111452,Pieridae,3.114285714,4.757142857
Acraea acerata,S1,1,7887613.715359819,Nymphalidae,3,3.2
Acraea acerata,S2,1,11322785.424658062,Nymphalidae,3,3.2
Acraea acerata,S3,1,13852664.80310818,Nymphalidae,3,3.2
Acraea andromacha,S1,0.5359221522382658,45123032.97269162,Nymphalidae,NA,7
Acraea andromacha,S2,0.4794300202941997,10334906.877559042,Nymphalidae,NA,7
Acraea andromacha,S3,0.535890159606861,35948692.43839926,Nymphalidae,NA,7
Acraea andromacha,S4,0.46599647085445584,13078101.462452143,Nymphalidae,NA,7
Acraea encedon,S1,0.7914918863702645,15089514.460737558,Nymphalidae,3.5,4.9
Acraea encedon,S2,0.8129611995936916,29659882.97252523,Nymphalidae,3.5,4.9
Acraea encedon,S3,0.7748389007852661,27007641.075793672,Nymphalidae,3.5,4.9
Acraea encedon,S4,0.8257680862367407,31349464.25122091,Nymphalidae,3.5,4.9
Acraea eponina,S1,0.8388325714501453,18495497.91437761,NA,NA,NA
Acraea eponina,S2,0.9228783693097736,28014715.481548917,NA,NA,NA
Acraea eponina,S3,1,7679490.575518306,NA,NA,NA
Acraea neobule,S1,0.7892184254854715,31160430.07242045,Nymphalidae,4.625,5.6
Acraea neobule,S2,0.8996097914793045,22724362.32986885,Nymphalidae,4.625,5.6
Acraea neobule,S3,0.8560647195230393,20304865.143608652,Nymphalidae,4.625,5.6
Acraea neobule,S4,0.8140452490885073,23902457.761963792,Nymphalidae,4.625,5.6
Acraea terpsicore,S1,0.766486262362676,58954284.91112778,Nymphalidae,5,6.5
Acraea terpsicore,S2,0.8001970540367195,55905710.53982211,Nymphalidae,5,6.5
Acraea terpsicore,S3,0.7935108802440557,56901894.485497765,Nymphalidae,5,6.5
Acraea terpsicore,S4,0.7966150254453518,56661001.52440279,Nymphalidae,5,6.5
Actinote anteas,S1,1,3222809.832719931,Nymphalidae,2.5,6
Actinote anteas,S2,1,6219696.146155566,Nymphalidae,2.5,6
Actinote anteas,S3,1,3811548.040689303,Nymphalidae,2.5,6
Actinote anteas,S4,1,11653294.22643618,Nymphalidae,2.5,6
Acytolepis puspa,S1,0.5884134002292295,75944072.23346546,Lycaenidae,2.5,3.166666667
Acytolepis puspa,S2,0.7698244005737344,31405120.6814562,Lycaenidae,2.5,3.166666667
Acytolepis puspa,S3,0.5854342676175159,77363709.6082921,Lycaenidae,2.5,3.166666667
Acytolepis puspa,S4,0.7980824079486305,27143845.5040723,Lycaenidae,2.5,3.166666667
Aeria eurimedia,S1,1,18254575.062066004,Nymphalidae,3.175,4.681666667
Aeria eurimedia,S2,1,8741493.910717117,Nymphalidae,3.175,4.681666667
Aeria eurimedia,S3,1,9396472.178449478,Nymphalidae,3.175,4.681666667
Aeria eurimedia,S4,0.8523976803875742,18290554.382774547,Nymphalidae,3.175,4.681666667
Aglais milberti,S1,NA,25869476.0802593,Nymphalidae,4.24,5.6
Aglais milberti,S2,NA,27521339.644726615,Nymphalidae,4.24,5.6
Aglais milberti,S3,NA,27935423.963455316,Nymphalidae,4.24,5.6
Aglais milberti,S4,0.382579487270512,83243818.28141415,Nymphalidae,4.24,5.6
Aglais urticae,S1,NA,56245165.054556906,Nymphalidae,4.75,5.75
Aglais urticae,S2,NA,61834755.605346546,Nymphalidae,4.75,5.75
Aglais urticae,S3,NA,65125953.59463882,Nymphalidae,4.75,5.75
Aglais urticae,S4,NA,38469906.161873065,Nymphalidae,4.75,5.75
Amauris niavius,S1,0.8682991027780306,23350197.910733044,Nymphalidae,7.5,9
Amauris niavius,S2,0.8666271392160653,19212281.721807532,Nymphalidae,7.5,9
Amauris niavius,S3,0.9072729399272524,15330987.70746798,Nymphalidae,7.5,9
Amauris niavius,S4,0.9058123360538884,20387422.35301743,Nymphalidae,7.5,9
Anteos clorinde,S1,0.7902859303387405,57295509.94479243,Pieridae,6.366666667,8.415555556
Anteos clorinde,S2,0.7527727178721224,56854571.44302926,Pieridae,6.366666667,8.415555556
Anteos clorinde,S3,0.6943008630421752,62340630.4626449,Pieridae,6.366666667,8.415555556
Anteos clorinde,S4,0.773992071935771,51162855.07664721,Pieridae,6.366666667,8.415555556
Anteos maerula,S1,0.7564215977037346,8680352.071077172,Pieridae,7.44,8.844285714
Anteos maerula,S2,0.6851984388368199,14248932.111328823,Pieridae,7.44,8.844285714
Anteos maerula,S3,0.7540557377534071,21923038.207739934,Pieridae,7.44,8.844285714
Anteos maerula,S4,0.6836296420179426,13502042.86579734,Pieridae,7.44,8.844285714
Anthene amarah,S1,0.81190984396943,53118659.74129259,Lycaenidae,2.1,2.5
Anthene amarah,S2,0.7907825908564337,40145053.91150682,Lycaenidae,2.1,2.5
Anthene amarah,S3,0.9609824000114744,37793659.81042298,Lycaenidae,2.1,2.5
Anthene amarah,S4,0.7804732321762976,53191959.28477727,Lycaenidae,2.1,2.5
Aphrissa boisduvalii,S1,1,4003975.8110555024,Pieridae,3,3.4
Aphrissa boisduvalii,S2,1,5981591.007179545,Pieridae,3,3.4
Aphrissa boisduvalii,S3,1,5873205.389094479,Pieridae,3,3.4
Aphrissa boisduvalii,S4,1,3996679.788339678,Pieridae,3,3.4
Aphrissa statira,S1,0.8108877191761891,184036912.3241749,Pieridae,4.713333333,5.928214286
Aphrissa statira,S2,0.7023426784081601,51965838.24521621,Pieridae,4.713333333,5.928214286
Aphrissa statira,S3,0.631543384918658,64940254.2475664,Pieridae,4.713333333,5.928214286
Aphrissa statira,S4,0.72949212214893,50146750.33365532,Pieridae,4.713333333,5.928214286
Aporia crataegi,S1,NA,41876206.824482314,Pieridae,5.45,7.35
Aporia crataegi,S2,NA,38600770.493123546,Pieridae,5.45,7.35
Aporia crataegi,S3,NA,27257605.95269064,Pieridae,5.45,7.35
Aporia crataegi,S4,NA,19702683.70102904,Pieridae,5.45,7.35
Appias albina,S1,0.8736950030242193,23050932.61302321,Pieridae,3.95,5.166666667
Appias albina,S2,0.9077226118028808,53666956.625418216,Pieridae,3.95,5.166666667
Appias albina,S3,0.6575692820107264,125418081.38984989,Pieridae,3.95,5.166666667
Appias albina,S4,0.8907296208376412,29352571.478249986,Pieridae,3.95,5.166666667
Appias indra,S1,0.8469701601038849,17556324.234573446,Pieridae,5.25,6.5
Appias indra,S2,0.8406644830270089,15368404.968699183,Pieridae,5.25,6.5
Appias indra,S3,0.7687263648794224,15017303.834066834,Pieridae,5.25,6.5
Appias indra,S4,0.8459189288378174,14708122.848692955,Pieridae,5.25,6.5
Appias lalage,S1,0.7600698222723757,7837819.057527924,Pieridae,4.5,5.5
Appias lalage,S2,NA,156401.06360684443,Pieridae,4.5,5.5
Appias libythea,S1,0.8898731470293537,23130415.840411156,Pieridae,4.25,5.25
Appias libythea,S2,0.8997722469686056,23321478.5025728,Pieridae,4.25,5.25
Appias libythea,S3,0.8621466038208644,25001954.605612405,Pieridae,4.25,5.25
Appias libythea,S4,0.880330552350781,23880308.3160112,Pieridae,4.25,5.25
Appias lyncida,S1,0.8846528867209846,23699105.556415,Pieridae,4.5,5.666666667
Appias lyncida,S2,0.8822814008139132,23696929.801983725,Pieridae,4.5,5.666666667
Appias lyncida,S3,0.8728501739899028,28543859.125991184,Pieridae,4.5,5.666666667
Appias lyncida,S4,0.8712739907383925,22030191.08446235,Pieridae,4.5,5.666666667
Appias melania,S1,1,119222.35310819876,Pieridae,NA,5.45
Appias paulina,S1,0.7270898117793921,71330518.80082914,Pieridae,3.9,5
Appias paulina,S2,0.7969011432425661,62709783.00205468,Pieridae,3.9,5
Appias paulina,S3,0.7969496864695936,55942716.12787808,Pieridae,3.9,5
Appias paulina,S4,0.7371808041807983,56008810.41645409,Pieridae,3.9,5
Araschnia levana,S1,NA,23428284.950949337,Nymphalidae,2.8,3.9
Araschnia levana,S2,NA,32948808.262399685,Nymphalidae,2.8,3.9
Araschnia levana,S3,NA,25004970.88255703,Nymphalidae,2.8,3.9
Araschnia levana,S4,NA,9972664.83148056,Nymphalidae,2.8,3.9
Argynnis callippe,S1,NA,608627.1831029045,Nymphalidae,5.15,6.725
Argynnis callippe,S2,NA,3718290.093623443,Nymphalidae,5.15,6.725
Argynnis callippe,S3,NA,3704422.732413701,Nymphalidae,5.15,6.725
Argynnis hyperbius,S1,0.7000812641723212,79394552.70006116,Nymphalidae,5.625,7.8
Argynnis hyperbius,S2,0.6710910150977611,96124781.36442,Nymphalidae,5.625,7.8
Argynnis hyperbius,S3,0.7297610068690583,64020590.67545576,Nymphalidae,5.625,7.8
Argynnis hyperbius,S4,0.686712804807033,94516607.73636325,Nymphalidae,5.625,7.8
Arhopala centaurus,S1,0.9008946091945096,49353148.119180925,Lycaenidae,4.25,5.25
Arhopala centaurus,S2,0.9161159027975738,48074931.03978348,Lycaenidae,4.25,5.25
Arhopala centaurus,S3,0.9084958982798974,43415761.90266158,Lycaenidae,4.25,5.25
Arhopala centaurus,S4,0.8726478999032583,52328592.59365555,Lycaenidae,4.25,5.25
Ariadne ariadne,S1,0.8891703553739901,21521217.4762535,Nymphalidae,4.033333333,5
Ariadne ariadne,S2,0.9006773942124453,23011926.412804127,Nymphalidae,4.033333333,5
Ariadne ariadne,S3,0.8303105866309928,24870666.51472148,Nymphalidae,4.033333333,5
Ariadne ariadne,S4,0.8834844171863728,21699851.36163918,Nymphalidae,4.033333333,5
Ariadne merione,S1,0.6759012000509584,12310081.64299752,Nymphalidae,4.1,5.166666667
Ariadne merione,S2,0.7233500831812943,16328004.69467972,Nymphalidae,4.1,5.166666667
Ariadne merione,S3,0.656349245458003,12583545.840375924,Nymphalidae,4.1,5.166666667
Ariadne merione,S4,0.7270917021260618,9062279.559346212,Nymphalidae,4.1,5.166666667
Ascia monuste,S1,0.6918651475344224,62843972.967498824,Pieridae,4.786,6.272272727
Ascia monuste,S2,0.6386633356846434,67148016.34020504,Pieridae,4.786,6.272272727
Ascia monuste,S3,0.5927298640822974,114024311.17854398,Pieridae,4.786,6.272272727
Ascia monuste,S4,0.6929149881955252,62608163.968357615,Pieridae,4.786,6.272272727
Asterocampa celtis,S1,0.03120718838366605,7117995.526090596,Nymphalidae,4.475,6.05
Asterocampa celtis,S2,0.20665425588783776,10570990.40240647,Nymphalidae,4.475,6.05
Asterocampa celtis,S3,0.2077706541103551,8527121.854998497,Nymphalidae,4.475,6.05
Asterocampa celtis,S4,0.2090559458165016,7078053.010227313,Nymphalidae,4.475,6.05
Asterocampa clyton,S1,0.01740854034126371,2901095.929089074,Nymphalidae,4.625,6.8
Asterocampa clyton,S2,0.1904938016856173,8959159.483943006,Nymphalidae,4.625,6.8
Asterocampa clyton,S3,0.21188235751168927,8202521.520614944,Nymphalidae,4.625,6.8
Asterocampa clyton,S4,NA,7264288.524903743,Nymphalidae,4.625,6.8
Atalopedes campestris,S1,0.5233186641399399,21447951.97328076,Hesperiidae,2.975,3.75
Atalopedes campestris,S2,0.5508749897983057,23226413.732212592,Hesperiidae,2.975,3.75
Atalopedes campestris,S3,0.5613839204622836,23644704.82067503,Hesperiidae,2.975,3.75
Atalopedes campestris,S4,0.5201602603702937,19369597.4116981,Hesperiidae,2.975,3.75
Athesis clearista,S1,1,1128763.357276834,Nymphalidae,NA,NA
Athesis clearista,S2,1,1557451.440265593,Nymphalidae,NA,NA
Athesis clearista,S3,1,148526.37717801996,Nymphalidae,NA,NA
Athesis clearista,S4,1,85568.84665487958,Nymphalidae,NA,NA
Azanus jesous,S1,0.7109610463687376,71720757.99869268,Lycaenidae,1.975,2.56
Azanus jesous,S2,0.7347955809573165,75806323.85251927,Lycaenidae,1.975,2.56
Azanus jesous,S3,0.764291327390867,70066003.35169439,Lycaenidae,1.975,2.56
Azanus jesous,S4,0.7437035512695505,84460049.11438178,Lycaenidae,1.975,2.56
Azanus ubaldus,S1,0.694271055667924,79457334.11972822,Lycaenidae,2.2,2.533333333
Azanus ubaldus,S2,0.726516575228709,59668847.73120291,Lycaenidae,2.2,2.533333333
Azanus ubaldus,S3,0.7627975619846886,75009648.42769368,Lycaenidae,2.2,2.533333333
Azanus ubaldus,S4,0.7266942225007813,73622457.776695,Lycaenidae,2.2,2.533333333
Badamia exclamationis,S1,0.7250144819667086,63425275.260376096,Hesperiidae,4.066666667,4.533333333
Badamia exclamationis,S2,0.9425700067961575,44134736.30429145,Hesperiidae,4.066666667,4.533333333
Badamia exclamationis,S3,0.9170011724283338,40284915.35139991,Hesperiidae,4.066666667,4.533333333
Badamia exclamationis,S4,0.7988304449771163,55398844.79353539,Hesperiidae,4.066666667,4.533333333
Battus crassus,S1,1,418542.6350064103,Papilionidae,8.5,11.25
Battus crassus,S2,1,5070827.018471286,Papilionidae,8.5,11.25
Battus crassus,S3,1,8605173.932330545,Papilionidae,8.5,11.25
Battus crassus,S4,0.9339381088843692,13692034.958744217,Papilionidae,8.5,11.25
Battus philenor,S1,0.38883782236008463,10933716.51627942,Papilionidae,6.357,11.1035
Battus philenor,S2,0.4687857998111323,19416730.76610971,Papilionidae,6.357,11.1035
Battus philenor,S3,0.3179173607192566,15578438.243172478,Papilionidae,6.357,11.1035
Battus philenor,S4,0.35312547917159337,11475385.967379805,Papilionidae,6.357,11.1035
Battus polydamas,S1,0.7271604363820002,55293382.85883825,Papilionidae,7.65775,9.676363636
Battus polydamas,S2,0.633755100799076,67237694.04034208,Papilionidae,7.65775,9.676363636
Battus polydamas,S3,0.6484238802069378,64695795.14032108,Papilionidae,7.65775,9.676363636
Battus polydamas,S4,0.7215744183306171,54547891.07424764,Papilionidae,7.65775,9.676363636
Belenois aurota,S1,0.6852807460428385,81809111.01511574,Pieridae,3.773333333,4.454888889
Belenois aurota,S2,0.6857583131271788,61928415.04553629,Pieridae,3.773333333,4.454888889
Belenois aurota,S3,0.641976161167586,84828537.33132887,Pieridae,3.773333333,4.454888889
Belenois aurota,S4,0.7054536318707758,77162627.20527796,Pieridae,3.773333333,4.454888889
Belenois calypso,S1,1,16386802.140804084,Pieridae,NA,4.8
Belenois calypso,S2,1,7764509.414934237,Pieridae,NA,4.8
Belenois calypso,S3,1,10929630.9892036,Pieridae,NA,4.8
Belenois calypso,S4,1,10748517.111946505,Pieridae,NA,4.8
Belenois creona,S1,0.7865892968199297,34858056.72530439,Pieridae,3.428666667,4.0188
Belenois creona,S2,0.7747606548445646,24909748.44116904,Pieridae,3.428666667,4.0188
Belenois creona,S3,0.8001172682729715,42016322.78865049,Pieridae,3.428666667,4.0188
Belenois creona,S4,0.7905820233028121,36033206.14809835,Pieridae,3.428666667,4.0188
Belenois gidica,S1,0.7793253839856791,30748694.11128281,Pieridae,2.54,3.982666667
Belenois gidica,S2,0.7911403722521522,35339114.15180052,Pieridae,2.54,3.982666667
Belenois gidica,S3,0.7927281168046381,34300497.380282104,Pieridae,2.54,3.982666667
Belenois gidica,S4,0.7863078553302019,33110112.15222689,Pieridae,2.54,3.982666667
Belenois java,S1,0.6547791205079417,24918484.6337342,Pieridae,NA,6
Belenois java,S2,0.5585465304741565,18031251.53496932,Pieridae,NA,6
Belenois java,S3,0.5413608341828088,17939275.819549333,Pieridae,NA,6
Belenois java,S4,0.5533912070046528,349163907.92562175,Pieridae,NA,6
Belenois zochalia,S1,0.7827101836245705,9588641.77109528,Pieridae,2.54,2.974
Belenois zochalia,S2,0.7680418588810322,17967362.941002674,Pieridae,2.54,2.974
Belenois zochalia,S3,0.7754071881911636,10800825.973998671,Pieridae,2.54,2.974
Belenois zochalia,S4,0.7781423605050322,10713823.414117286,Pieridae,2.54,2.974
Biblis hyperia,S1,0.724855795444457,59302412.49572387,Nymphalidae,5.25,6.628571429
Biblis hyperia,S2,0.7123277093744904,63445788.128303505,Nymphalidae,5.25,6.628571429
Biblis hyperia,S3,0.7538507475451203,52338550.78661208,Nymphalidae,5.25,6.628571429
Biblis hyperia,S4,0.7517530673001488,52495336.708349936,Nymphalidae,5.25,6.628571429
Bindahara phocides,S1,0.962708773843693,28488894.733247824,Lycaenidae,3.25,3.75
Bindahara phocides,S2,1,29634103.18202104,Lycaenidae,3.25,3.75
Bindahara phocides,S3,1,30493647.071794905,Lycaenidae,3.25,3.75
Bindahara phocides,S4,1,31563188.02462372,Lycaenidae,3.25,3.75
Boloria epithore,S1,NA,1237354.2525647618,Nymphalidae,3.4,4.6
Boloria epithore,S2,NA,4555052.935292579,Nymphalidae,3.4,4.6
Boloria epithore,S3,NA,7718834.634895528,Nymphalidae,3.4,4.6
Boloria selene,S1,NA,37669157.320794806,Nymphalidae,4.5,5.48
Boloria selene,S2,NA,74069781.0586644,Nymphalidae,4.5,5.48
Boloria selene,S3,NA,65061813.82182138,Nymphalidae,4.5,5.48
Boloria selene,S4,NA,39904973.77820216,Nymphalidae,4.5,5.48
Borbo borbonica,S1,1,33878052.522661604,Hesperiidae,2.9,2.913
Borbo borbonica,S2,0.71282840680612225,51489719.55829128,Hesperiidae,2.9,2.913
Borbo borbonica,S3,0.7669069866570702,44594348.30612946,Hesperiidae,2.9,2.913
Borbo borbonica,S4,0.7514415221900481,42663192.74294145,Hesperiidae,2.9,2.913
Borbo cinnara,S1,0.8159822830504467,26400294.804896258,Hesperiidae,2.433333333,2.833333333
Borbo cinnara,S2,0.822088962230782,24144469.196031924,Hesperiidae,2.433333333,2.833333333
Borbo cinnara,S3,0.8499078092165318,58428521.62129409,Hesperiidae,2.433333333,2.833333333
Borbo cinnara,S4,0.8959389313057847,21275897.09487886,Hesperiidae,2.433333333,2.833333333
Byblia anvatara,S1,0.8302501937349732,30276055.641140953,Nymphalidae,3,4.25
Byblia anvatara,S2,0.8563248936410128,32521106.79247601,Nymphalidae,3,4.25
Byblia anvatara,S3,0.8464478260532621,27943109.623781823,Nymphalidae,3,4.25
Byblia anvatara,S4,0.8585318189546719,35210235.341492735,Nymphalidae,3,4.25
Byblia ilithyia,S1,0.8318975788314061,72676746.2499452,Nymphalidae,3.766666667,4.7
Byblia ilithyia,S2,0.8682595849899939,38738733.94081572,Nymphalidae,3.766666667,4.7
Byblia ilithyia,S3,0.8462285004095914,67792231.97509505,Nymphalidae,3.766666667,4.7
Byblia ilithyia,S4,0.8531309380799241,38421978.33066428,Nymphalidae,3.766666667,4.7
Cacyreus marshalli,S1,0.5971256803008984,51911601.238587454,Lycaenidae,1.5,2.55
Cacyreus marshalli,S2,0.5959701931070066,52105883.334200725,Lycaenidae,1.5,2.55
Cacyreus marshalli,S3,0.5646009099432008,50752452.55606569,Lycaenidae,1.5,2.55
Cacyreus marshalli,S4,0.5656829321123275,56224332.77169683,Lycaenidae,1.5,2.55
Callithomia lenea,S1,0.8410046660182932,2190058.2481018165,Nymphalidae,5.2,6.3625
Calpodes ethlius,S1,0.6716461776183208,47861011.68986341,Hesperiidae,4.225,5.366666667
Calpodes ethlius,S2,0.6679069773449168,61275280.95703429,Hesperiidae,4.225,5.366666667
Calpodes ethlius,S3,0.6541456646426003,60378418.51872728,Hesperiidae,4.225,5.366666667
Calpodes ethlius,S4,0.6976107903216443,47519451.3521185,Hesperiidae,4.225,5.366666667
Castalius rosimon,S1,0.8032479597675236,26584897.67134799,Lycaenidae,2.533333333,3.066666667
Castalius rosimon,S2,0.8770826449509413,25599251.03842782,Lycaenidae,2.533333333,3.066666667
Castalius rosimon,S3,0.8217226209825504,24284197.62440948,Lycaenidae,2.533333333,3.066666667
Castalius rosimon,S4,0.8185054066763027,22952701.876362957,Lycaenidae,2.533333333,3.066666667
Catasticta nimbice,S1,0.6481269946682099,9165068.565155946,Pieridae,3.5,4.033333333
Catasticta nimbice,S2,0.8754138129307412,10597896.413145598,Pieridae,3.5,4.033333333
Catasticta nimbice,S3,0.6588598495364124,9122104.40032248,Pieridae,3.5,4.033333333
Catasticta nimbice,S4,0.8383810430732522,4121930.352534489,Pieridae,3.5,4.033333333
Catopsilia gorgophone,S1,0.5162960933531445,3915399.633010575,Pieridae,4.466666667,5.233333333
Catopsilia gorgophone,S2,0.12827810745222304,670738.7379904051,Pieridae,4.466666667,5.233333333
Catopsilia gorgophone,S3,0.5213174651519694,1558025.421657439,Pieridae,4.466666667,5.233333333
Catopsilia gorgophone,S4,0.1904703718856517,391149.39575620106,Pieridae,4.466666667,5.233333333
Catopsilia pomona,S1,0.7157668090187347,70787184.23119996,Pieridae,5.5,6.785714286
Catopsilia pomona,S2,0.588016240110373,133782000.94263992,Pieridae,5.5,6.785714286
Catopsilia pomona,S3,0.5692031671154906,139403985.77085137,Pieridae,5.5,6.785714286
Catopsilia pomona,S4,0.7130623628545244,75634722.21405774,Pieridae,5.5,6.785714286
Catopsilia pyranthe,S1,0.6654496740958207,68926063.8940656,Pieridae,4.666666667,5.833333333
Catopsilia pyranthe,S2,0.7250812426517462,63261508.966439225,Pieridae,4.666666667,5.833333333
Catopsilia pyranthe,S3,0.728596721710485,75541318.08537455,Pieridae,4.666666667,5.833333333
Catopsilia pyranthe,S4,0.6788444946584267,98376038.42943762,Pieridae,4.666666667,5.833333333
Catopsilia scylla,S1,0.8763947996353496,29145836.076769903,Pieridae,4.466666667,5.233333333
Catopsilia scylla,S2,1,31001197.815629993,Pieridae,4.466666667,5.233333333
Catopsilia scylla,S3,0.8821150566556679,40180326.57130895,Pieridae,4.466666667,5.233333333
Catopsilia scylla,S4,0.9023545095548036,42396448.98746105,Pieridae,4.466666667,5.233333333
Celastrina argiolus,S1,0.2130286747444617,120308458.04580736,Lycaenidae,2.45,2.95
Celastrina argiolus,S2,0.2097441328148664,126953958.0336918,Lycaenidae,2.45,2.95
Celastrina argiolus,S3,0.20522975317884332,117866739.06368417,Lycaenidae,2.45,2.95
Celastrina argiolus,S4,0.19629348543046876,118675319.95761056,Lycaenidae,2.45,2.95
Cepora nadina,S1,0.8016342336926906,14900313.18972091,Pieridae,4.666666667,5.666666667
Cepora nadina,S2,0.8156824486759623,14600890.53339552,Pieridae,4.666666667,5.666666667
Cepora nadina,S3,0.8248464744056567,14532917.06565976,Pieridae,4.666666667,5.666666667
Cepora nadina,S4,0.8474891371072918,19059520.4385334,Pieridae,4.666666667,5.666666667
Cepora nerissa,S1,0.6668953379061527,14290312.615649292,Pieridae,4.166666667,5.333333333
Cepora nerissa,S2,0.7125253528883753,13993899.72970116,Pieridae,4.166666667,5.333333333
Cepora nerissa,S3,0.8197064667169927,23806764.374065563,Pieridae,4.166666667,5.333333333
Cepora nerissa,S4,0.6922075233796325,17422172.656901125,Pieridae,4.166666667,5.333333333
Cepora perimale,S1,0.8050020066190656,17593828.85569603,Pieridae,NA,4
Cepora perimale,S2,0.7555057871215305,9559133.67563866,Pieridae,NA,4
Cepora perimale,S3,0.7440454578033149,16332452.089609098,Pieridae,NA,4
Cepora perimale,S4,0.7965366297595627,8941951.045518545,Pieridae,NA,4
Ceratinia tutia,S1,1,2382574.1696999697,Nymphalidae,NA,5.7
Ceratinia tutia,S2,1,7266806.136437715,Nymphalidae,NA,5.7
Ceratinia tutia,S3,1,9438062.944957914,Nymphalidae,NA,5.7
Ceratinia tutia,S4,1,10028737.4493468,Nymphalidae,NA,5.7
Charaxes candiope,S1,0.830806022663941,48433865.15031778,Nymphalidae,7,8.666666667
Charaxes candiope,S2,0.7770874047211124,14765966.02526925,Nymphalidae,7,8.666666667
Charaxes candiope,S3,0.8254070823199113,12968284.920754174,Nymphalidae,7,8.666666667
Charaxes candiope,S4,0.8207020542762354,11694549.68817921,Nymphalidae,7,8.666666667
Charaxes psaphon,S1,0.8877709075716691,3519842.224821902,Nymphalidae,6.5,8
Charaxes varanes,S1,0.8095718731990822,46816493.20760119,Nymphalidae,6.5,8.466666667
Charaxes varanes,S2,0.7640140344216104,24386511.74935187,Nymphalidae,6.5,8.466666667
Charaxes varanes,S3,0.8008975329091788,44495474.13156556,Nymphalidae,6.5,8.466666667
Charaxes varanes,S4,0.8003797444182601,44951399.550163984,Nymphalidae,6.5,8.466666667
Chioides catillus,S1,0.7101589054210532,59161026.4571037,Hesperiidae,3.825,4.8
Chioides catillus,S2,0.6786801064195792,64935600.60354686,Hesperiidae,3.825,4.8
Chioides catillus,S3,0.6666546638231015,63287946.25069812,Hesperiidae,3.825,4.8
Chioides catillus,S4,0.7246516271773001,55839891.799407594,Hesperiidae,3.825,4.8
Cirrochroa emalea,S1,1,1186265.8214007977,Nymphalidae,5.5,6.5
Cirrochroa emalea,S2,1,3395414.326635659,Nymphalidae,5.5,6.5
Cirrochroa emalea,S3,1,1358451.2343476778,Nymphalidae,5.5,6.5
Cirrochroa emalea,S4,1,3450569.828370017,Nymphalidae,5.5,6.5
Cirrochroa thais,S1,1,4529716.767242712,NA,NA,NA
Cirrochroa thais,S2,1,946516.4246390203,NA,NA,NA
Cirrochroa thais,S3,1,1181626.91599096,NA,NA,NA
Cirrochroa thais,S4,1,900654.870189762,NA,NA,NA
Coeliades forestan,S1,0.7927172790713112,38254078.34747969,Hesperiidae,3.453,4.406666667
Coeliades forestan,S2,0.8445922798738552,40460968.64338044,Hesperiidae,3.453,4.406666667
Coeliades forestan,S3,0.8414780786950147,31153169.369278707,Hesperiidae,3.453,4.406666667
Coeliades forestan,S4,0.8068763370247443,40878568.62654841,Hesperiidae,3.453,4.406666667
Colias alexandra,S1,NA,1513199.4296447306,Pieridae,3.41,4.76
Colias alexandra,S2,NA,3318345.479564469,Pieridae,3.41,4.76
Colias alexandra,S3,NA,4668871.995848754,Pieridae,3.41,4.76
Colias alfacariensis,S1,NA,7305771.999816515,Pieridae,4.2,4.5
Colias alfacariensis,S2,NA,19797468.7354365,Pieridae,4.2,4.5
Colias alfacariensis,S3,NA,8149746.89609249,Pieridae,4.2,4.5
Colias alfacariensis,S4,NA,4237826.297014283,Pieridae,4.2,4.5
Colias croceus,S1,0.36850269672778607,39083992.20656044,Pieridae,4.5,5.2
Colias croceus,S2,NA,34966832.60272503,Pieridae,4.5,5.2
Colias croceus,S3,NA,73986365.71131493,Pieridae,4.5,5.2
Colias croceus,S4,NA,24990403.317446753,Pieridae,4.5,5.2
Colias electo,S1,0.7995917339597656,12261218.77971686,Pieridae,3.010666667,3.468
Colias electo,S2,0.7859382386915403,12495540.384238416,Pieridae,3.010666667,3.468
Colias electo,S3,0.7603459779466887,11955024.399128923,Pieridae,3.010666667,3.468
Colias electo,S4,0.7818751171928934,13047968.253978334,Pieridae,3.010666667,3.468
Colias erate,S1,NA,17662003.088778038,Pieridae,4.416666667,5.65
Colias erate,S2,0.07866747375079254,43130906.23935024,Pieridae,4.416666667,5.65
Colias erate,S3,0.29041109159301143,53092228.88689153,Pieridae,4.416666667,5.65
Colias erate,S4,NA,4447559.457722219,Pieridae,4.416666667,5.65
Colias eurymus,S1,NA,20395.277123435422,NA,NA,NA
Colias eurymus,S2,NA,62908.24810056044,NA,NA,NA
Colias eurymus,S3,NA,182899.06923318456,NA,NA,NA
Colias eurytheme,S1,0.26216177854189254,15785037.53982884,Pieridae,4.171428571,6.057142857
Colias eurytheme,S2,0.27197716666236477,18418847.322028108,Pieridae,4.171428571,6.057142857
Colias eurytheme,S3,0.20374410822822817,57127858.08947699,Pieridae,4.171428571,6.057142857
Colias eurytheme,S4,0.46836783337050625,126506988.47419456,Pieridae,4.171428571,6.057142857
Colias fieldii,S1,NA,2775982.9003435653,Pieridae,4,4.9
Colias fieldii,S2,NA,4686509.229192842,Pieridae,4,4.9
Colias fieldii,S3,NA,4545861.483870897,Pieridae,4,4.9
Colias fieldii,S4,NA,2336282.3244681284,Pieridae,4,4.9
Colias hyale,S1,NA,17557283.906253684,Pieridae,3.65,4.95
Colias hyale,S2,NA,44593544.94666866,Pieridae,3.65,4.95
Colias hyale,S3,NA,30964097.645210218,Pieridae,3.65,4.95
Colias hyale,S4,NA,9923982.607881697,Pieridae,3.65,4.95
Colias lesbia,S1,0.6157208603148069,15308186.95660649,Pieridae,3.3,4.475
Colias lesbia,S2,0.38687471087338227,5597756.7241618065,Pieridae,3.3,4.475
Colias lesbia,S3,0.4497151194967519,7899032.486868767,Pieridae,3.3,4.475
Colias lesbia,S4,0.05031769041721257,3829031.173340883,Pieridae,3.3,4.475
Colias palaeno,S1,NA,82290302.23751092,Pieridae,3.6,4.32
Colias palaeno,S2,NA,101373286.2052287,Pieridae,3.6,4.32
Colias palaeno,S3,NA,88010925.57826348,Pieridae,3.6,4.32
Colias palaeno,S4,NA,4723131.201771947,Pieridae,3.6,4.32
Colias philodice,S1,0.22089108606704333,44719679.00471812,Pieridae,4.25,6.35
Colias philodice,S2,0.21195244915181077,48100913.601859294,Pieridae,4.25,6.35
Colias philodice,S3,0.2500021264071346,50306831.45097343,Pieridae,4.25,6.35
Colias philodice,S4,0.25208772308815836,17842540.392811835,Pieridae,4.25,6.35
Colotis amata,S1,0.8499715430085439,45756413.27883711,Pieridae,3.25,3.5
Colotis amata,S2,0.8843024233863864,40286011.34100112,Pieridae,3.25,3.5
Colotis amata,S3,0.7838294306539244,50211670.921383515,Pieridae,3.25,3.5
Colotis amata,S4,0.8322511511792092,35970009.03472759,Pieridae,3.25,3.5
Colotis chrysonome,S1,0.9985181866310652,17741457.468520176,Pieridae,3.15,3.1
Colotis eris,S1,0.906361621910406,23718407.867550295,NA,NA,NA
Colotis eris,S2,0.8829736542839574,12808927.163630746,NA,NA,NA
Colotis eris,S3,0.8083373708958714,20685093.576649096,NA,NA,NA
Colotis eris,S4,0.8125038800248763,17711757.55183568,NA,NA,NA
Colotis etrida,S1,0.7450555750864957,6140646.01642201,Pieridae,3,4
Colotis etrida,S2,0.7256016476173771,2784864.119890565,Pieridae,3,4
Colotis etrida,S3,0.7119374692777436,3067141.926273382,Pieridae,3,4
Colotis etrida,S4,0.780515589772923,3491551.171123645,Pieridae,3,4
Colotis evagore,S1,0.6647761466267305,42361607.57889031,Pieridae,2.274666667,2.8664
Colotis evagore,S2,0.6656943723893441,42601294.32653336,Pieridae,2.274666667,2.8664
Colotis evagore,S3,0.6550376048546056,42745616.777642824,Pieridae,2.274666667,2.8664
Colotis evagore,S4,0.6538310515665109,50252930.409096286,Pieridae,2.274666667,2.8664
Colotis evenina,S1,0.9050778745524296,4909729.551932631,Pieridae,2.7025,3.647
Colotis evenina,S2,0.8154102785232814,5054881.136156722,Pieridae,2.7025,3.647
Colotis evenina,S3,0.9017431094253064,7226555.406303451,Pieridae,2.7025,3.647
Colotis evenina,S4,0.7053031377470586,7899157.705348032,Pieridae,2.7025,3.647
Colotis fausta,S1,0.6268856168316729,14001687.427169396,Pieridae,3.5,4.5
Colotis fausta,S2,0.5634564281634524,12145491.519909237,Pieridae,3.5,4.5
Colotis fausta,S3,0.5613641575565855,16445396.367523769,Pieridae,3.5,4.5
Colotis fausta,S4,0.5520158747315523,16030181.71087371,Pieridae,3.5,4.5
Colotis phisadia,S1,0.4849567692900669,17694421.984356575,Pieridae,2.85,2.6
Colotis phisadia,S2,0.7768452690769196,18660243.33932524,Pieridae,2.85,2.6
Colotis phisadia,S3,0.47087895182917927,7787102.770983852,Pieridae,2.85,2.6
Colotis phisadia,S4,0.6450463499006424,18922460.860997915,Pieridae,2.85,2.6
Cupha erymanthis,S1,0.8396761894079486,22810868.848636955,Nymphalidae,4.7,5.75
Cupha erymanthis,S2,0.8205268913726855,23515347.652557455,Nymphalidae,4.7,5.75
Cupha erymanthis,S3,0.8174759902991954,26784761.73748605,Nymphalidae,4.7,5.75
Cupha erymanthis,S4,0.8198830703142572,23244567.903753277,Nymphalidae,4.7,5.75
Cyaniris semiargus,S1,NA,22387957.23838655,Lycaenidae,2.2750000000000004,3.2
Cyaniris semiargus,S2,NA,39514185.06375466,Lycaenidae,2.2750000000000004,3.2
Cyaniris semiargus,S3,NA,32041882.19938207,Lycaenidae,2.2750000000000004,3.2
Cyaniris semiargus,S4,NA,6004579.907380954,Lycaenidae,2.2750000000000004,3.2
Cyllopsis pertepida,S1,1,864547.0549446582,Nymphalidae,3.2,4.2
Cyllopsis pertepida,S2,0.28576881642280233,3766641.335363933,Nymphalidae,3.2,4.2
Cyllopsis pertepida,S3,0.2871978840373316,3746803.347516203,Nymphalidae,3.2,4.2
Cyllopsis pertepida,S4,1,150089.37919140258,Nymphalidae,3.2,4.2
Cymothoe caenis,S1,1,3112612.456009197,Nymphalidae,NA,5.5
Cymothoe caenis,S2,1,4447738.252092038,Nymphalidae,NA,5.5
Cymothoe caenis,S3,1,5011551.243940633,Nymphalidae,NA,5.5
Cymothoe caenis,S4,1,6403101.504289494,Nymphalidae,NA,5.5
Cyrestis cocles,S1,0.8525200764070482,6072135.905665393,Nymphalidae,3.5,5
Cyrestis cocles,S2,0.875709444959396,5318531.461771394,Nymphalidae,3.5,5
Cyrestis cocles,S3,0.9282553333591002,11070658.59295472,Nymphalidae,3.5,5
Cyrestis cocles,S4,0.8944370495678071,11744692.500697527,Nymphalidae,3.5,5
Danaus affinis,S1,0.7808343030838482,32609554.90336607,Nymphalidae,6,7
Danaus affinis,S2,0.8338657646094222,29510794.234669097,Nymphalidae,6,7
Danaus affinis,S3,0.875865029102975,35819542.55407805,Nymphalidae,6,7
Danaus affinis,S4,0.7914512188341727,39388646.08956409,Nymphalidae,6,7
Danaus chrysippus,S1,0.5937821655790615,174607512.5563754,Nymphalidae,6.25,7.457142857
Danaus chrysippus,S2,0.6099698576379131,168544355.63069308,Nymphalidae,6.25,7.457142857
Danaus chrysippus,S3,0.5601798936694464,184630740.40645865,Nymphalidae,6.25,7.457142857
Danaus chrysippus,S4,0.564399828329597,193752333.8829643,Nymphalidae,6.25,7.457142857
Danaus eresimus,S1,0.7050121174725034,61214455.95649745,Nymphalidae,6.275,8.287222222
Danaus eresimus,S2,0.6598615886019383,62551907.66191816,Nymphalidae,6.275,8.287222222
Danaus eresimus,S3,0.67702031315822,58931994.82034673,Nymphalidae,6.275,8.287222222
Danaus eresimus,S4,0.6726798794670453,59761985.13574394,Nymphalidae,6.275,8.287222222
Danaus erippus,S1,0.6411179319751764,17429223.298534203,Nymphalidae,8,9.984615385
Danaus erippus,S2,0.5930910962832867,12964280.672765858,Nymphalidae,8,9.984615385
Danaus erippus,S3,0.6232605079802062,16119574.22815009,Nymphalidae,8,9.984615385
Danaus erippus,S4,0.5481378816301717,14880889.88902101,Nymphalidae,8,9.984615385
Danaus genutia,S1,0.8355886176733035,35333689.152183115,Nymphalidae,5.8,7.04
Danaus genutia,S2,0.803524637053976,34905221.78854015,Nymphalidae,5.8,7.04
Danaus genutia,S3,0.8043283462371946,33702681.33582581,Nymphalidae,5.8,7.04
Danaus genutia,S4,0.8522600276134084,32913185.909673117,Nymphalidae,5.8,7.04
Danaus gilippus,S1,0.6711636592580351,69889774.0607614,Nymphalidae,7.05,8.6375
Danaus gilippus,S2,0.6344453567955665,75259931.70385562,Nymphalidae,7.05,8.6375
Danaus gilippus,S3,0.6572219034429466,74154083.93344818,Nymphalidae,7.05,8.6375
Danaus gilippus,S4,0.6548030515950065,68039519.29804292,Nymphalidae,7.05,8.6375
Danaus plexippus,S1,0.5472277001296925,344224499.03454494,Nymphalidae,8.3125,10.55
Danaus plexippus,S2,0.506184904213976,390683420.4331604,Nymphalidae,8.3125,10.55
Danaus plexippus,S3,0.5112298821993239,368637631.9290993,Nymphalidae,8.3125,10.55
Danaus plexippus,S4,0.5236522537859699,380275101.73642695,Nymphalidae,8.3125,10.55
Delias acalis,S1,0.9292608025974836,6304254.94203265,Pieridae,6.5,8
Delias aganippe,S1,NA,5732519.857297768,Pieridae,NA,6.199999999999999
Delias aganippe,S2,0.09571632780317664,6681387.753669058,Pieridae,NA,6.199999999999999
Delias aganippe,S3,0.166994665624062,7087105.836767439,Pieridae,NA,6.199999999999999
Delias aganippe,S4,NA,5639470.699341788,Pieridae,NA,6.199999999999999
Delias eucharis,S1,0.6997383583984834,10602984.075845787,Pieridae,6.25,7.25
Delias eucharis,S2,0.7718932606040153,13139413.550483864,Pieridae,6.25,7.25
Delias eucharis,S3,0.6878265596891089,4703513.408952417,Pieridae,6.25,7.25
Delias eucharis,S4,0.6701403238957684,7565985.130983333,Pieridae,6.25,7.25
Delias harpalyce,S1,NA,1609777.045802361,NA,NA,NA
Delias harpalyce,S2,NA,1389487.0686280509,NA,NA,NA
Delias harpalyce,S3,NA,1498750.9694506424,NA,NA,NA
Delias harpalyce,S4,NA,4338886.276334866,NA,NA,NA
Delias nigrina,S1,0.368744815534715,2190494.2530167955,Pieridae,NA,5.6
Delias nigrina,S2,0.3588371079492108,5851675.601489579,Pieridae,NA,5.6
Delias nigrina,S3,0.4118952081045269,2362500.3114690376,Pieridae,NA,5.6
Delias nigrina,S4,0.3749072917542764,2307646.0618280773,Pieridae,NA,5.6
Delias ninus,S2,1,953350.9840649756,Pieridae,6.5,8
Delias ninus,S3,1,100059.18720230975,Pieridae,6.5,8
Delias ninus,S4,1,91134.08916677884,Pieridae,6.5,8
Delias pasithoe,S1,0.8737614379743472,16685317.072122458,Pieridae,6,7.25
Delias pasithoe,S2,0.8869355572909436,15133604.97580037,Pieridae,6,7.25
Delias pasithoe,S3,0.8508462549449244,19937801.98873542,Pieridae,6,7.25
Delias pasithoe,S4,0.8726385184892131,17245225.929147583,Pieridae,6,7.25
Deudorix antalus,S2,0.7090679077639084,17378497.641001552,Lycaenidae,2.6,3.833333333
Deudorix antalus,S3,0.7760244606635426,26155211.48740827,Lycaenidae,2.6,3.833333333
Deudorix antalus,S4,0.8004639190543472,43080689.216826074,Lycaenidae,2.6,3.833333333
Deudorix livia,S2,NA,256456.6275727237,Lycaenidae,3,4
Deudorix livia,S3,NA,72505.95163764816,Lycaenidae,3,4
Deudorix livia,S4,0.6405099155190425,17302520.367961567,Lycaenidae,3,4
Dione juno,S1,0.8029485882585213,48571932.01555013,Nymphalidae,5.925,7.934166667
Dione juno,S2,0.8150547803440138,47903401.42188994,Nymphalidae,5.925,7.934166667
Dione juno,S3,0.8375388817745998,46562757.91207396,Nymphalidae,5.925,7.934166667
Dione juno,S4,0.8546584264224094,46045449.53255814,Nymphalidae,5.925,7.934166667
Dione moneta,S1,0.7085233925540121,55995041.09360309,Nymphalidae,7.075,7.9
Dione moneta,S2,0.6864445087457074,52908704.72456875,Nymphalidae,7.075,7.9
Dione moneta,S3,0.7151656205346449,45516081.35052989,Nymphalidae,7.075,7.9
Dione moneta,S4,0.7279343064484474,45054129.43671198,Nymphalidae,7.075,7.9
Dircenna dero,S1,0.8360234825620722,35895502.87267443,Nymphalidae,4,6.366666667
Dircenna dero,S2,0.8602996889500075,34795243.14937423,Nymphalidae,4,6.366666667
Dircenna dero,S3,0.8584707858463231,35005973.23117548,Nymphalidae,4,6.366666667
Dircenna dero,S4,0.8363797729477366,33507797.27914036,Nymphalidae,4,6.366666667
Dircenna jemina,S2,1,4791075.3852331145,Nymphalidae,NA,NA
Dircenna jemina,S3,1,6552572.3267229535,Nymphalidae,NA,NA
Dircenna jemina,S4,1,7005446.076427168,Nymphalidae,NA,NA
Dixeia charina,S2,0.7065635258734716,8070803.953888923,Pieridae,NA,3.85
Dixeia charina,S3,NA,1075677.12053741,Pieridae,NA,3.85
Dixeia charina,S4,NA,991716.6023829147,Pieridae,NA,3.85
Dixeia pigea,S2,0.7813763006935925,8149417.866424045,Pieridae,3.143,4.516
Dixeia pigea,S3,0.8496031063876507,12970888.764204422,Pieridae,3.143,4.516
Dixeia pigea,S4,0.8372200274979191,5687886.411759309,Pieridae,3.143,4.516
Doleschallia bisaltide,S1,0.7822187159728556,53067584.6963171,Nymphalidae,6.375,7.4
Doleschallia bisaltide,S2,0.7861489265671205,56752057.23736313,Nymphalidae,6.375,7.4
Doleschallia bisaltide,S3,0.7746319284541574,68420347.97747774,Nymphalidae,6.375,7.4
Doleschallia bisaltide,S4,0.8034578588332578,55419551.729210615,Nymphalidae,6.375,7.4
Dryadula phaetusa,S1,0.771560465234988,46521089.19499473,Nymphalidae,7.4,8.23
Dryadula phaetusa,S2,0.7448797243495103,51952002.67720158,Nymphalidae,7.4,8.23
Dryadula phaetusa,S3,0.8067125191282716,41181876.20542145,Nymphalidae,7.4,8.23
Dryadula phaetusa,S4,0.7677396486475215,47584789.44172677,Nymphalidae,7.4,8.23
Dryas iulia,S1,0.568107223667326,206051217.05357793,Nymphalidae,7.2975,8.417142857
Dryas iulia,S2,0.5691102861026697,221429831.80045065,Nymphalidae,7.2975,8.417142857
Dryas iulia,S3,0.5596138818156724,219814876.26929495,Nymphalidae,7.2975,8.417142857
Dryas iulia,S4,0.716312522188038,167385431.7777146,Nymphalidae,7.2975,8.417142857
Dynastor darius,S2,0.8802281164685459,31974644.527936872,Nymphalidae,9,11
Dynastor darius,S3,0.8802281164686115,35033293.37904643,Nymphalidae,9,11
Dynastor darius,S4,0.8201370583284683,26892503.229921393,Nymphalidae,9,11
Echinargus isola,S1,0.5640702179851429,9805849.470507002,Lycaenidae,1.75,2.525
Echinargus isola,S2,0.22664130987596193,30015556.604727153,Lycaenidae,1.75,2.525
Echinargus isola,S3,0.36519889928553023,11114164.19135568,Lycaenidae,1.75,2.525
Echinargus isola,S4,0.4035480653306394,9448942.240176268,Lycaenidae,1.75,2.525
Elodina angulipennis,S1,0.00513939768714853,546870.1201174693,Pieridae,NA,3.75
Elodina angulipennis,S2,NA,416851.7695623747,Pieridae,NA,3.75
Elodina angulipennis,S3,0.44278343775212625,1930167.4774649632,Pieridae,NA,3.75
Elodina angulipennis,S4,0.32542227733213347,1493945.9912818808,Pieridae,NA,3.75
Elodina padusa,S1,0.5053197701639349,6856481.434003213,Pieridae,NA,3.9
Elodina padusa,S2,0.5570720765803135,7725151.948022687,Pieridae,NA,3.9
Elodina padusa,S3,0.45920335023561265,6705399.492876746,Pieridae,NA,3.9
Elodina padusa,S4,0.5128841701132212,6221590.452701966,Pieridae,NA,3.9
Epargyreus clarus,S1,0.3673567662086048,18834742.251485255,Hesperiidae,4.29,5.467727273
Epargyreus clarus,S2,0.5222735623646281,28056947.882884588,Hesperiidae,4.29,5.467727273
Epargyreus clarus,S3,0.47012781816187527,24453307.79434474,Hesperiidae,4.29,5.467727273
Epargyreus clarus,S4,0.4380502825936544,16379246.962845849,Hesperiidae,4.29,5.467727273
Episcada hymenaea,S1,0.6267748524716511,9530508.865113264,Nymphalidae,3,4.133333333
Episcada hymenaea,S2,0.7785691563703676,15844450.997948626,Nymphalidae,3,4.133333333
Episcada hymenaea,S3,0.5927308191836881,7179636.810188322,Nymphalidae,3,4.133333333
Episcada hymenaea,S4,0.7709115109776751,17339701.274624392,Nymphalidae,3,4.133333333
Euchrysops malathana,S1,0.843539207766331,30992376.587903704,Lycaenidae,2.45,3.033333333
Euchrysops malathana,S2,0.8276724198872797,14164877.161720088,Lycaenidae,2.45,3.033333333
Euchrysops malathana,S3,0.9288111913840608,16927064.949352037,Lycaenidae,2.45,3.033333333
Euchrysops malathana,S4,0.8425297792256696,31372500.47301342,Lycaenidae,2.45,3.033333333
Eueides aliphera,S1,0.789241135908283,48486187.949129835,Nymphalidae,4.38125,5.16
Eueides aliphera,S2,0.8726924656775602,39944404.08799997,Nymphalidae,4.38125,5.16
Eueides aliphera,S3,0.93611452046386,32940226.550178215,Nymphalidae,4.38125,5.16
Eueides aliphera,S4,0.8985718947913398,31264324.043871537,Nymphalidae,4.38125,5.16
Eueides isabella,S1,0.8445110921856062,39580389.95432787,Nymphalidae,7.02,7.9125
Eueides isabella,S2,0.869460121578607,41286430.86849963,Nymphalidae,7.02,7.9125
Eueides isabella,S3,0.8924132596361902,40371932.4520061,Nymphalidae,7.02,7.9125
Eueides isabella,S4,0.850697509089405,43585488.5650219,Nymphalidae,7.02,7.9125
Eueides lybia,S2,1,8141667.626620663,Nymphalidae,NA,6.4
Eueides lybia,S3,1,9215530.777856084,Nymphalidae,NA,6.4
Eueides lybia,S4,1,6492181.177804117,Nymphalidae,NA,6.4
Eueides procula,S2,1,4861436.479272396,NA,NA,NA
Eueides procula,S3,1,8176959.651789758,NA,NA,NA
Eueides procula,S4,1,7612552.1225739485,NA,NA,NA
Eueides vibilia,S2,1,24513434.00518352,Nymphalidae,5.5,6.6
Eueides vibilia,S3,1,28422474.38883781,Nymphalidae,5.5,6.6
Eueides vibilia,S4,1,1089326.7668075806,Nymphalidae,5.5,6.6
Eunica alcmena,S2,0.8955981636698948,18515889.514684845,Nymphalidae,NA,6.6
Eunica alcmena,S3,1,12264059.887171185,Nymphalidae,NA,6.6
Eunica alcmena,S4,1,17174893.163713604,Nymphalidae,NA,6.6
Eunica caelina,S2,1,18786150.558286782,Nymphalidae,5.8,6.533333333
Eunica caelina,S3,1,1338156.0757084934,Nymphalidae,5.8,6.533333333
Eunica caelina,S4,1,2415414.6063964586,Nymphalidae,5.8,6.533333333
Eunica malvina,S2,1,12102622.595147649,Nymphalidae,NA,6
Eunica malvina,S3,1,9175889.25559859,Nymphalidae,NA,6
Eunica malvina,S4,0.9529842871579924,26140207.210656974,Nymphalidae,NA,6
Eunica monima,S1,0.8605549768698935,13165478.298376542,Nymphalidae,4.55,5.2
Eunica monima,S2,0.7616048660193876,24064605.613727435,Nymphalidae,4.55,5.2
Eunica monima,S3,0.7190779508653855,16116118.311843544,Nymphalidae,4.55,5.2
Eunica monima,S4,0.8881924317971716,40794928.90367045,Nymphalidae,4.55,5.2
Eunica tatila,S1,0.7616275407865611,51354537.018585496,Nymphalidae,4.52,5.933333333
Eunica tatila,S2,0.8020377957542761,47419859.86870118,Nymphalidae,4.52,5.933333333
Eunica tatila,S3,0.7432544727220989,52163782.74135537,Nymphalidae,4.52,5.933333333
Eunica tatila,S4,0.8046598996592106,48610704.70707249,Nymphalidae,4.52,5.933333333
Euphydryas editha,S1,NA,1284955.976475028,Nymphalidae,2.733333333,4.366666667
Euphydryas editha,S2,NA,7332827.76110981,Nymphalidae,2.733333333,4.366666667
Euphydryas editha,S3,NA,1471218.9740573578,Nymphalidae,2.733333333,4.366666667
Euphydryas maturna,S1,NA,3657240.2584184706,Nymphalidae,3.5,4.35
Euphydryas maturna,S2,NA,21374438.57103164,Nymphalidae,3.5,4.35
Euphydryas maturna,S3,NA,12222374.68779106,Nymphalidae,3.5,4.35
Euphydryas maturna,S4,NA,10750133.76911601,Nymphalidae,3.5,4.35
Euploea alcathoe,S2,1,2448282.9874545336,Nymphalidae,NA,6.85
Euploea alcathoe,S3,1,2763865.627466153,Nymphalidae,NA,6.85
Euploea alcathoe,S4,1,998975.4350344862,Nymphalidae,NA,6.85
Euploea core,S1,0.6891196944751509,75658769.20888886,Nymphalidae,7.9,9.166666667
Euploea core,S2,0.5886511238432034,149255381.22355595,Nymphalidae,7.9,9.166666667
Euploea core,S3,0.7201574068831874,61928004.17264234,Nymphalidae,7.9,9.166666667
Euploea core,S4,0.7338784131569406,61603255.04511433,Nymphalidae,7.9,9.166666667
Euploea crameri,S2,1,3454444.13592857,Nymphalidae,7,8.5
Euploea crameri,S3,1,1958571.1380227143,Nymphalidae,7,8.5
Euploea crameri,S4,1,2186989.990684528,Nymphalidae,7,8.5
Euploea eunice,S1,0.9334663377041896,19793700.521458644,Nymphalidae,6.5,8.5
Euploea eunice,S2,0.9278964368328828,18230135.711622793,Nymphalidae,6.5,8.5
Euploea eunice,S3,0.9340061718006368,19480108.18475921,Nymphalidae,6.5,8.5
Euploea eunice,S4,0.9383274461337796,20791634.981903095,Nymphalidae,6.5,8.5
Euploea eyndhovii,S2,1,2549671.460619612,Nymphalidae,6.5,7.5
Euploea eyndhovii,S3,1,755663.8094381562,Nymphalidae,6.5,7.5
Euploea eyndhovii,S4,1,1234523.1826792583,Nymphalidae,6.5,7.5
Euploea klugii,S2,0.8324904741682887,8744602.503733508,Nymphalidae,6.75,8.5
Euploea klugii,S3,0.7859426317445092,8229426.964877889,Nymphalidae,6.75,8.5
Euploea klugii,S4,0.8330230425166374,8568743.280369986,Nymphalidae,6.75,8.5
Euploea midamus,S1,0.8594983161783333,8382739.997322774,Nymphalidae,7,8
Euploea midamus,S2,0.9569025380822772,11476603.573117228,Nymphalidae,7,8
Euploea midamus,S3,0.8769724130343497,12042136.567110963,Nymphalidae,7,8
Euploea midamus,S4,0.8180396503090971,8839694.522174086,Nymphalidae,7,8
Euploea mulciber,S1,0.822767239788243,22808702.29610949,Nymphalidae,8,9
Euploea mulciber,S2,0.8003762027306247,26157339.008422572,Nymphalidae,8,9
Euploea mulciber,S3,0.7979038404817859,26397147.811295938,Nymphalidae,8,9
Euploea mulciber,S4,0.7373018888129852,56817752.05416739,Nymphalidae,8,9
Euploea phaenareta,S2,1,15315266.71879125,Nymphalidae,8.75,10.5
Euploea phaenareta,S3,1,18206489.254130747,Nymphalidae,8.75,10.5
Euploea phaenareta,S4,1,12644267.412801586,Nymphalidae,8.75,10.5
Euploea radamanthus,S1,0.8357267471897686,8104260.030716286,Nymphalidae,6.5,8
Euploea radamanthus,S1,0.8357267471897686,8104260.030716286,Nymphalidae,NA,NA
Euploea radamanthus,S2,0.8786933545209356,10253332.356959198,Nymphalidae,6.5,8
Euploea radamanthus,S2,0.8786933545209356,10253332.356959198,Nymphalidae,NA,NA
Euploea radamanthus,S3,0.880741242223537,10874646.393305624,Nymphalidae,6.5,8
Euploea radamanthus,S3,0.880741242223537,10874646.393305624,Nymphalidae,NA,NA
Euploea radamanthus,S4,0.8588129605404113,8664424.084122317,Nymphalidae,6.5,8
Euploea radamanthus,S4,0.8588129605404113,8664424.084122317,Nymphalidae,NA,NA
Euploea sylvester,S1,0.9329447644650516,44820499.25137222,Nymphalidae,6.5,8
Euploea sylvester,S2,0.9490335990753528,40551273.6416283,Nymphalidae,6.5,8
Euploea sylvester,S3,0.9154381836847716,44849322.83131006,Nymphalidae,6.5,8
Euploea sylvester,S4,0.9157000618027732,41729833.7093382,Nymphalidae,6.5,8
Euploea tulliolus,S1,0.7983185651407863,47956928.95847509,Nymphalidae,6,6.5
Euploea tulliolus,S2,0.8539260162220597,234474665.2270747,Nymphalidae,6,6.5
Euploea tulliolus,S3,0.8580361180642538,233325858.5357879,Nymphalidae,6,6.5
Euploea tulliolus,S4,0.7733510435973932,259932024.9990763,Nymphalidae,6,6.5
Euptoieta claudia,S1,0.4089953730405681,9060558.472704967,Nymphalidae,4.371428571,6.857142857
Euptoieta claudia,S2,0.33276211176073023,15530105.805812323,Nymphalidae,4.371428571,6.857142857
Euptoieta claudia,S3,0.3223098202069101,21515851.84953549,Nymphalidae,4.371428571,6.857142857
Euptoieta claudia,S4,0.6327548794017651,57266936.32523746,Nymphalidae,4.371428571,6.857142857
Euptoieta hortensia,S1,NA,3104298.2776995767,Nymphalidae,4.242857143,6.5625
Euptoieta hortensia,S2,NA,1678021.3079943012,Nymphalidae,4.242857143,6.5625
Euptoieta hortensia,S3,NA,2495207.3327328144,Nymphalidae,4.242857143,6.5625
Euptoieta hortensia,S4,0.00927748451387694,3797553.94860316,Nymphalidae,4.242857143,6.5625
Eurema albula,S1,0.842429832233288,35934535.79016902,Pieridae,2.391666667,3.3185
Eurema albula,S2,0.8416166881300706,45017619.222127505,Pieridae,2.391666667,3.3185
Eurema albula,S3,0.5495075448109903,62974462.08435609,Pieridae,2.391666667,3.3185
Eurema albula,S4,0.8397434834217496,36147369.82214074,Pieridae,2.391666667,3.3185
Eurema alitha,S1,0.9123418472816892,30965476.072159935,Pieridae,1.9,2.2
Eurema alitha,S2,1,7012080.155654872,Pieridae,1.9,2.2
Eurema alitha,S3,0.9816794331810428,13599318.086293353,Pieridae,1.9,2.2
Eurema alitha,S4,0.972193783913475,23085447.93962696,Pieridae,1.9,2.2
Eurema brigitta,S1,0.7618121323440241,124810577.61956428,Pieridae,2.7625,3.3045
Eurema brigitta,S2,0.734619357062648,120354086.62814948,Pieridae,2.7625,3.3045
Eurema brigitta,S3,0.7211695957312413,131981684.55736154,Pieridae,2.7625,3.3045
Eurema brigitta,S4,0.7422382218395688,269781371.4459751,Pieridae,2.7625,3.3045
Eurema daira,S1,0.7880161376193423,54897591.36150654,Pieridae,4.628571429,6.6
Eurema daira,S2,0.7400651600659962,36442196.70951002,Pieridae,4.628571429,6.6
Eurema daira,S3,0.7461122208857132,38355921.99013991,Pieridae,4.628571429,6.6
Eurema daira,S4,0.668668089532686,18671893.41416074,Pieridae,4.628571429,6.6
Eurema desjardinsii,S2,0.819568231556315,10334920.172861744,Pieridae,1.5755,2.095333333
Eurema desjardinsii,S3,0.7640503364210514,15458049.366413545,Pieridae,1.5755,2.095333333
Eurema desjardinsii,S4,0.8160299334326819,21062480.859340392,Pieridae,1.5755,2.095333333
Eurema elathea,S1,0.8484489330782822,27519146.351336773,Pieridae,2.433333333,3.089375
Eurema elathea,S2,0.8369984782599864,27123282.47419164,Pieridae,2.433333333,3.089375
Eurema elathea,S3,0.869707291637865,22206214.415213592,Pieridae,2.433333333,3.089375
Eurema elathea,S4,0.8442285894109365,29399776.4131619,Pieridae,2.433333333,3.089375
Eurema hecabe,S1,0.681270246959991,153249847.50951353,Pieridae,2.95,3.457
Eurema hecabe,S2,0.6820016835182486,290699260.3624993,Pieridae,2.95,3.457
Eurema hecabe,S3,0.6750852138490503,166487551.50314096,Pieridae,2.95,3.457
Eurema hecabe,S4,0.6741295986522543,165759766.88811356,Pieridae,2.95,3.457
Eurema herla,S1,0.6945416739267852,5215309.275780854,Pieridae,NA,3.5
Eurema herla,S2,0.6744084218344347,5934665.517968104,Pieridae,NA,3.5
Eurema herla,S3,0.6026184321862014,6638616.06520265,Pieridae,NA,3.5
Eurema herla,S4,0.7474857264148534,5326378.28972214,Pieridae,NA,3.5
Eurema laeta,S1,0.7037943585477346,62915474.33513091,Pieridae,2.933333333,3.7
Eurema laeta,S2,0.7821170519244125,50160512.798692815,Pieridae,2.933333333,3.7
Eurema laeta,S3,0.7503043086308363,58400897.345513746,Pieridae,2.933333333,3.7
Eurema laeta,S4,0.7901828901875282,51462742.71110518,Pieridae,2.933333333,3.7
Eurema mexicana,S1,0.5792666034568257,13680751.713955477,Pieridae,3.42,4.82
Eurema mexicana,S2,0.5496730647049641,18527416.15720042,Pieridae,3.42,4.82
Eurema mexicana,S3,0.5620371214025441,21634618.970941387,Pieridae,3.42,4.82
Eurema mexicana,S4,0.6164702855146489,13871749.198703066,Pieridae,3.42,4.82
Eurema senegalensis,S2,1,12368668.123771852,Pieridae,2.95,3.3313
Eurema senegalensis,S3,1,12350715.166326389,Pieridae,2.95,3.3313
Eurema senegalensis,S4,1,16892195.42988974,Pieridae,2.95,3.3313
Eurema smilax,S1,0.466979555824337,10891751.40539592,Pieridae,NA,3.15
Eurema smilax,S2,0.5150416144315156,10075730.18943316,Pieridae,NA,3.15
Eurema smilax,S3,0.46863722581578177,10362619.768407928,Pieridae,NA,3.15
Eurema smilax,S4,0.4746354100719517,10941672.268962702,Pieridae,NA,3.15
Eurytela dryope,S1,0.7695804841221815,14047538.5823086,Nymphalidae,4,5.5
Eurytela dryope,S2,0.8122408999933209,22069126.1128371,Nymphalidae,4,5.5
Eurytela dryope,S3,0.8088208725048828,21552931.12595016,Nymphalidae,4,5.5
Eurytela dryope,S4,0.8111101564077136,23911526.84005812,Nymphalidae,4,5.5
Eurytides agesilaus,S1,1,9618706.789881954,Papilionidae,5.35,7.05
Eurytides agesilaus,S2,0.7150750542319435,12363220.292083034,Papilionidae,5.35,7.05
Eurytides agesilaus,S3,1,23075060.154128663,Papilionidae,5.35,7.05
Eurytides agesilaus,S4,1,17428616.773564618,Papilionidae,5.35,7.05
Eurytides philolaus,S1,0.7782013091535023,7189614.593686052,Papilionidae,6.65,7
Eurytides philolaus,S2,0.6363849727622842,9942348.594265684,Papilionidae,6.65,7
Eurytides philolaus,S3,0.7261624366654599,2380635.960309335,Papilionidae,6.65,7
Eurytides philolaus,S4,1,1533250.544718769,Papilionidae,6.65,7
Euthalia lubentina,S1,0.8178782011925286,12447852.9433476,Nymphalidae,5.333333333,6.8
Euthalia lubentina,S2,0.8969226881243955,19245794.56537916,Nymphalidae,5.333333333,6.8
Euthalia lubentina,S3,0.8275296535498337,15016210.487171542,Nymphalidae,5.333333333,6.8
Euthalia lubentina,S4,0.7616773006191815,8035941.4610918835,Nymphalidae,5.333333333,6.8
Gegenes nostrodamus,S2,NA,6383373.659846826,Hesperiidae,2.4,2.2
Gegenes nostrodamus,S3,NA,14830045.05276104,Hesperiidae,2.4,2.2
Gegenes pumilio,S1,0.69436671555960106,25948510.6308371,Hesperiidae,3,3.4000000000000004
Gegenes pumilio,S2,0.6640798185905923,21612612.001418915,Hesperiidae,3,3.4000000000000004
Gegenes pumilio,S3,NA,5963359.39481295,Hesperiidae,3,3.4000000000000004
Gegenes pumilio,S4,NA,4078416.57459361,Hesperiidae,3,3.4000000000000004
Glutophrissa drusilla,S1,0.6135890400244359,10813120.264529929,Pieridae,4.316666667,6.1121875
Glutophrissa drusilla,S2,0.6185046393120295,6099930.828956581,Pieridae,4.316666667,6.1121875
Glutophrissa drusilla,S3,0.727212111289327,13379358.69179906,Pieridae,4.316666667,6.1121875
Glutophrissa drusilla,S4,0.5129318097404755,13866916.161930565,Pieridae,4.316666667,6.1121875
Gonepteryx farinosa,S2,NA,9365324.43914609,Pieridae,5.6,6.4
Gonepteryx farinosa,S3,NA,1076931.913549516,Pieridae,5.6,6.4
Gonepteryx rhamni,S1,NA,38819526.19160859,Pieridae,4.75,5.75
Gonepteryx rhamni,S2,NA,73209300.04171103,Pieridae,4.75,5.75
Gonepteryx rhamni,S3,NA,44861958.26145812,Pieridae,4.75,5.75
Gonepteryx rhamni,S4,NA,21489568.039638568,Pieridae,4.75,5.75
Graphium agamemnon,S1,0.8699155402957602,51756203.605695635,Papilionidae,7,8.125
Graphium agamemnon,S2,0.911470654799161,45565582.21270693,Papilionidae,7,8.125
Graphium agamemnon,S3,0.6661501352191348,112956955.3389935,Papilionidae,7,8.125
Graphium agamemnon,S4,0.9258039503618692,45325552.287493765,Papilionidae,7,8.125
Graphium angolanus,S1,0.8764966370969236,29634505.81474449,Papilionidae,3.302,6.2045
Graphium angolanus,S2,1,23476145.161545012,Papilionidae,3.302,6.2045
Graphium angolanus,S3,0.8763298543805219,27790243.21519084,Papilionidae,3.302,6.2045
Graphium angolanus,S4,0.8788051775209472,27539719.81304385,Papilionidae,3.302,6.2045
Graphium antiphates,S1,0.8516750587180476,15532703.625604734,Papilionidae,6.75,8.25
Graphium antiphates,S2,0.8396033577988075,13251597.899419336,Papilionidae,6.75,8.25
Graphium antiphates,S3,0.8799787581077682,17472236.899728455,Papilionidae,6.75,8.25
Graphium antiphates,S4,1,15031474.323982194,Papilionidae,6.75,8.25
Graphium doson,S1,0.8043581420543632,23084106.9647099,Papilionidae,6.125,7.45
Graphium doson,S2,0.7903958548885809,26631820.8757051,Papilionidae,6.125,7.45
Graphium doson,S3,0.8074959862745049,23841040.45654301,Papilionidae,6.125,7.45
Graphium doson,S4,0.8207708223369432,23657192.916521043,Papilionidae,6.125,7.45
Graphium eurypylus,S1,0.7513563121142173,47345082.44855591,Papilionidae,6.5,8.25
Graphium eurypylus,S2,0.8476211361678344,39035344.71073752,Papilionidae,6.5,8.25
Graphium eurypylus,S3,0.7646098464582056,45789115.3754175,Papilionidae,6.5,8.25
Graphium eurypylus,S4,0.7599558064819504,32134391.0449881,Papilionidae,6.5,8.25
Graphium leonidas,S1,0.8400882467570435,30781458.80353888,Papilionidae,5.655,7.256
Graphium leonidas,S2,0.8456647993461456,32307034.74944528,Papilionidae,5.655,7.256
Graphium leonidas,S3,0.8408926969192105,28839659.49636543,Papilionidae,5.655,7.256
Graphium leonidas,S4,0.8420598993519776,66073457.30206864,Papilionidae,5.655,7.256
Graphium nomius,S1,0.6929418124483246,9642787.435449935,Papilionidae,7,9
Graphium nomius,S2,0.78294579156208,9321402.719872355,Papilionidae,7,9
Graphium nomius,S3,0.9254370340972328,9385751.811010152,Papilionidae,7,9
Graphium nomius,S4,1,3521100.191834068,Papilionidae,7,9
Graphium policenes,S1,0.8301967486324435,23207244.28400445,Papilionidae,4.936666667,5.468
Graphium policenes,S2,1,11161338.63817772,Papilionidae,4.936666667,5.468
Graphium policenes,S3,0.7994700389732744,21267659.049699433,Papilionidae,4.936666667,5.468
Graphium policenes,S4,0.8083299633544758,20394783.418280527,Papilionidae,4.936666667,5.468
Greta andromica,S1,1,10766805.113336245,Nymphalidae,NA,4.445
Greta andromica,S2,1,8220512.393847227,Nymphalidae,NA,4.445
Greta andromica,S3,1,14760225.214243414,Nymphalidae,NA,4.445
Greta andromica,S4,1,13277120.965434562,Nymphalidae,NA,4.445
Hamadryas iphthime,S1,0.9837285512039468,10881319.794430124,Nymphalidae,7.2,7.75
Hamadryas iphthime,S2,0.9351939158477036,35403532.44100135,Nymphalidae,7.2,7.75
Hamadryas iphthime,S3,0.9744919793357896,21896353.561866116,Nymphalidae,7.2,7.75
Hamadryas iphthime,S4,0.9265883986350792,35541345.84966442,Nymphalidae,7.2,7.75
Hamanumida daedalus,S1,0.8332088758988765,30780603.05367538,Nymphalidae,5,6.575
Hamanumida daedalus,S2,0.8970570245770356,27275635.88467871,Nymphalidae,5,6.575
Hamanumida daedalus,S3,0.8354159246548835,29871431.842360754,Nymphalidae,5,6.575
Hamanumida daedalus,S4,0.8929778048555358,29216065.1855662,Nymphalidae,5,6.575
Hasora chromus,S1,0.785489509620561,58450777.32408612,Hesperiidae,4.15,4.5
Hasora chromus,S2,0.882934789603249,198168668.3150486,Hesperiidae,4.15,4.5
Hasora chromus,S3,0.7870761786530674,253853727.33657673,Hesperiidae,4.15,4.5
Hasora chromus,S4,0.799912969036731,57688497.521839134,Hesperiidae,4.15,4.5
Hasora discolor,S2,0.6080134670239626,1839170.804874743,Hesperiidae,NA,4.25
Hasora discolor,S3,0.5231550928871364,1588239.383013207,Hesperiidae,NA,4.25
Hasora discolor,S4,0.8210107375235657,10493901.93218184,Hesperiidae,NA,4.25
Hasora taminatus,S2,0.890257978571466,15114992.172687309,Hesperiidae,3.066666667,3.733333333
Hasora taminatus,S3,0.920825886666984,13500447.169963688,Hesperiidae,3.066666667,3.733333333
Hasora taminatus,S4,0.951101653668856,19324962.195009943,Hesperiidae,3.066666667,3.733333333
Hebomoia glaucippe,S1,0.8896868714619982,22780034.38272002,Pieridae,7.666666667,9
Hebomoia glaucippe,S2,0.8532750373605914,25015399.851605404,Pieridae,7.666666667,9
Hebomoia glaucippe,S3,0.868000313745357,25207354.857421372,Pieridae,7.666666667,9
Hebomoia glaucippe,S4,0.8882978087041544,24785949.546806116,Pieridae,7.666666667,9
Heliconius antiochus,S2,1,378668.6005091756,Nymphalidae,NA,8
Heliconius antiochus,S3,1,7368792.829382042,Nymphalidae,NA,8
Heliconius antiochus,S4,1,2466149.7599798385,Nymphalidae,NA,8
Heliconius charithonia,S1,0.7105494205018597,22610143.30394403,Nymphalidae,7.08,9.5
Heliconius charithonia,S2,0.5249748769852851,74135708.14492726,Nymphalidae,7.08,9.5
Heliconius charithonia,S3,0.5578646088042735,76542751.34719227,Nymphalidae,7.08,9.5
Heliconius charithonia,S4,0.6912243477210469,29423843.063621964,Nymphalidae,7.08,9.5
Heliconius cydno,S1,0.6503184540360051,24140670.689571213,NA,NA,NA
Heliconius cydno,S2,1,5491210.975622973,NA,NA,NA
Heliconius cydno,S3,1,5989961.836099917,NA,NA,NA
Heliconius cydno,S4,0.8501919492128838,14214686.403045684,NA,NA,NA
Heliconius doris,S1,0.9176464789095088,22053690.979904193,NA,NA,NA
Heliconius doris,S2,1,19234821.01301965,NA,NA,NA
Heliconius doris,S3,1,16085018.919649055,NA,NA,NA
Heliconius doris,S4,0.9544904841228288,30881824.3269873,NA,NA,NA
Heliconius ethilla,S1,0.8076810575323947,20721899.251557775,Nymphalidae,6.5,8.02
Heliconius ethilla,S2,0.8451299593723416,13945722.962578062,Nymphalidae,6.5,8.02
Heliconius ethilla,S3,0.8892319639802039,21565178.300103445,Nymphalidae,6.5,8.02
Heliconius ethilla,S4,0.7858381667287987,22623428.058649465,Nymphalidae,6.5,8.02
Heliconius hecale,S1,1,15732352.527361432,Nymphalidae,NA,8.624107143
Heliconius hecale,S2,0.5566567937516451,73914505.40081047,Nymphalidae,NA,8.624107143
Heliconius hecale,S3,0.5906024642162652,76873998.8275854,Nymphalidae,NA,8.624107143
Heliconius hecale,S4,1,17775623.658716153,Nymphalidae,NA,8.624107143
Heliconius melpomene,S1,0.927848482703901,22658936.523054805,Nymphalidae,NA,7.7365625
Heliconius melpomene,S2,1,17235654.345510893,Nymphalidae,NA,7.7365625
Heliconius melpomene,S3,1,9904780.396844542,Nymphalidae,NA,7.7365625
Heliconius melpomene,S4,1,19291068.166507583,Nymphalidae,NA,7.7365625
Heliconius pachinus,S2,1,77119.01893684389,NA,NA,NA
Heliconius pachinus,S3,1,98900.04370204428,NA,NA,NA
Heliconius pachinus,S4,1,98420.2132324913,NA,NA,NA
Heliconius sara,S1,0.8904133718212277,33169544.501170065,Nymphalidae,NA,6.838333333
Heliconius sara,S2,0.8772348653970081,30997494.452864494,Nymphalidae,NA,6.838333333
Heliconius sara,S3,0.9648893262376764,26918832.313671887,Nymphalidae,NA,6.838333333
Heliconius sara,S4,0.8998391710216146,36223565.935569465,Nymphalidae,NA,6.838333333
Heliopetes arsalte,S1,0.8149406071419598,49845820.75147547,Hesperiidae,2.6,3.366666667
Heliopetes arsalte,S2,0.7817976836675993,47347291.31879682,Hesperiidae,2.6,3.366666667
Heliopetes arsalte,S3,0.7875978378740208,50433104.70376746,Hesperiidae,2.6,3.366666667
Heliopetes arsalte,S4,0.8078701715646227,50258998.6334416,Hesperiidae,2.6,3.366666667
Heliopetes ericetorum,S1,0.2285486291074167,5627983.647033833,Hesperiidae,2.7,3.7
Heliopetes ericetorum,S2,NA,2030065.7380620784,Hesperiidae,2.7,3.7
Heliopetes ericetorum,S3,NA,5551470.767678795,Hesperiidae,2.7,3.7
Heliopetes ericetorum,S4,0.5406057411950842,13767705.991410512,Hesperiidae,2.7,3.7
Heraclides anchisiades,S1,0.7600206804951903,56908269.30876177,Papilionidae,6.78,9.671428571
Heraclides anchisiades,S2,0.7020331473937389,118147779.27755858,Papilionidae,6.78,9.671428571
Heraclides anchisiades,S3,0.7233022428397159,54156944.72053738,Papilionidae,6.78,9.671428571
Heraclides anchisiades,S4,0.7214802203251028,55307911.633114375,Papilionidae,6.78,9.671428571
Heraclides cresphontes,S1,0.7347097134284182,55112385.20761356,Papilionidae,9.2,12.58571429
Heraclides cresphontes,S2,0.38476666458361874,57361563.125486866,Papilionidae,9.2,12.58571429
Heraclides cresphontes,S3,0.6769252152754399,54116939.49159235,Papilionidae,9.2,12.58571429
Heraclides cresphontes,S4,0.4490835214008688,18061418.384687457,Papilionidae,9.2,12.58571429
Heraclides paeon,S1,1,6037724.717389761,Papilionidae,5.8,6.3
Heraclides paeon,S2,1,4542395.751773941,Papilionidae,5.8,6.3
Heraclides paeon,S3,1,3763826.725361584,Papilionidae,5.8,6.3
Heraclides paeon,S4,1,5060693.235545615,Papilionidae,5.8,6.3
Heraclides thoas,S1,0.7291409440681439,56546780.19382889,Papilionidae,8.985625,12.05846154
Heraclides thoas,S2,0.5769240188162384,116660615.19014698,Papilionidae,8.985625,12.05846154
Heraclides thoas,S3,0.6820386954772245,61149066.74654024,Papilionidae,8.985625,12.05846154
Heraclides thoas,S4,0.6813029804305613,59590991.35811562,Papilionidae,8.985625,12.05846154
Heraclides torquatus,S1,0.8989460909028004,33545193.658477455,Papilionidae,6.5,8.2125
Heraclides torquatus,S2,0.9769933496254334,32581006.68497634,Papilionidae,6.5,8.2125
Heraclides torquatus,S3,0.971973840160212,23333164.547054507,Papilionidae,6.5,8.2125
Heraclides torquatus,S4,0.956420097162486,35564272.44402933,Papilionidae,6.5,8.2125
Hermeuptychia hermes,S1,0.6529165361243969,63115073.250231974,Nymphalidae,NA,3.1
Hermeuptychia hermes,S2,0.6223468449080081,64191467.03023918,Nymphalidae,NA,3.1
Hermeuptychia hermes,S3,0.6681640666363158,62113446.03564559,Nymphalidae,NA,3.1
Hermeuptychia hermes,S4,0.7019995287356858,61571790.38214965,Nymphalidae,NA,3.1
Hesperia attalus,S2,NA,3584227.6185979727,Hesperiidae,3.266666667,3.833333333
Hesperia attalus,S3,NA,3843621.136892874,Hesperiidae,3.266666667,3.833333333
Hesperia leonardus,S2,NA,2705588.530206148,Hesperiidae,3.44,4.08
Hesperia leonardus,S3,NA,5647399.646234768,Hesperiidae,3.44,4.08
Hesperia ottoe,S2,NA,2479340.7902661427,Hesperiidae,3.225,4.325
Hesperia ottoe,S3,NA,3832362.7875535167,Hesperiidae,3.225,4.325
Hesperia uncas,S2,0.2257809677324021,16216615.342996586,Hesperiidae,2.785714286,3.914285714
Hesperia uncas,S3,NA,2768211.0102817356,Hesperiidae,2.785714286,3.914285714
Heteronympha merope,S1,0.6613927785821531,34703169.202454895,Nymphalidae,NA,6
Heteronympha merope,S2,0.7610026173845849,26474249.50887627,Nymphalidae,NA,6
Heteronympha merope,S3,NA,7433652.964115777,Nymphalidae,NA,6
Heteronympha merope,S4,NA,7830341.2919416865,Nymphalidae,NA,6
Hipparchia semele,S1,NA,6426938.453139486,Nymphalidae,4.7333333335,5.416666666999999
Hipparchia semele,S2,NA,8308591.809293336,Nymphalidae,4.7333333335,5.416666666999999
Hipparchia semele,S3,NA,10930868.181865515,Nymphalidae,4.7333333335,5.416666666999999
Hipparchia semele,S4,NA,7973445.16453668,Nymphalidae,4.7333333335,5.416666666999999
Historis odius,S1,0.9413989482594916,41930994.651617326,Nymphalidae,9.901875,11.37666667
Historis odius,S2,0.617217377672673,104407908.7299488,Nymphalidae,9.901875,11.37666667
Historis odius,S3,0.8106379191420511,55911593.31654524,Nymphalidae,9.901875,11.37666667
Historis odius,S4,0.8255137187436612,52047745.00967297,Nymphalidae,9.901875,11.37666667
Hyalyris coeno,S2,1,2919135.196113235,Nymphalidae,NA,NA
Hyalyris coeno,S3,1,4348673.785881654,Nymphalidae,NA,NA
Hylephila phyleus,S2,0.16069932592240674,3317425.9984295294,Hesperiidae,2.8375,3.127272727
Hylephila phyleus,S3,0.2620131179318708,9923653.885001209,Hesperiidae,2.8375,3.127272727
Hypoleria ocalea,S2,1,1641263.8077296775,Nymphalidae,NA,5.04
Hypoleria ocalea,S3,1,2003680.1246383972,Nymphalidae,NA,5.04
Hypolimnas bolina,S1,0.6857720209222598,287076575.4878977,Nymphalidae,6.375,9.333333333
Hypolimnas bolina,S2,0.5432582866048135,363694958.86255777,Nymphalidae,6.375,9.333333333
Hypolimnas bolina,S3,0.5587278748125837,354181105.4653004,Nymphalidae,6.375,9.333333333
Hypolimnas bolina,S4,0.6457759823064007,306851386.0567862,Nymphalidae,6.375,9.333333333
Hypolimnas misippus,S1,0.6889453410756686,142861324.4098541,Nymphalidae,5.725,7.909090909
Hypolimnas misippus,S2,0.6960395145576929,198210386.66017708,Nymphalidae,5.725,7.909090909
Hypolimnas misippus,S3,0.7196084322908989,180543424.96752128,Nymphalidae,5.725,7.909090909
Hypolimnas misippus,S4,0.7291713721833561,179687189.33426258,Nymphalidae,5.725,7.909090909
Hypolimnas salmacis,S1,1,6056523.881969721,Nymphalidae,NA,9.025
Hypolimnas salmacis,S2,1,7231251.057332936,Nymphalidae,NA,9.025
Hypolimnas salmacis,S3,1,7677164.047930956,Nymphalidae,NA,9.025
Hypolimnas salmacis,S4,1,6697111.798552886,Nymphalidae,NA,9.025
Hypothyris euclea,S1,0.9054724418182092,25218299.73881551,Nymphalidae,4.2,5.3328125
Hypothyris euclea,S2,0.926324164549338,33925533.90756605,Nymphalidae,4.2,5.3328125
Hypothyris euclea,S3,0.9009256203674794,35136087.55314432,Nymphalidae,4.2,5.3328125
Hypothyris euclea,S4,0.9532192510181248,28915600.885714907,Nymphalidae,4.2,5.3328125
Icaricia acmon,S1,0.22398637261910825,6398939.252283841,Lycaenidae,2.05,2.675
Icaricia acmon,S2,0.18825474710736817,7974480.052852842,Lycaenidae,2.05,2.675
Icaricia acmon,S3,0.1646152746286701,47777159.301577695,Lycaenidae,2.05,2.675
Icaricia acmon,S4,0.05143350794242705,3596520.603305121,Lycaenidae,2.05,2.675
Ideopsis similis,S1,0.8251592824106805,14026203.96158534,Nymphalidae,6,7.15
Ideopsis similis,S2,0.7939718064208908,16359706.865334095,Nymphalidae,6,7.15
Ideopsis similis,S3,0.8053065352538448,16046631.169875572,Nymphalidae,6,7.15
Ideopsis similis,S4,0.8410380357110092,14676355.652168792,Nymphalidae,6,7.15
Iphiclides podalirius,S1,NA,11467309.657317763,Papilionidae,6.2,8.5
Iphiclides podalirius,S2,NA,25379369.81305453,Papilionidae,6.2,8.5
Iphiclides podalirius,S3,NA,21161152.10951075,Papilionidae,6.2,8.5
Iphiclides podalirius,S4,NA,10969817.398562089,Papilionidae,6.2,8.5
Issoria lathonia,S1,NA,25503326.297640268,Nymphalidae,4.5,5.5
Issoria lathonia,S2,NA,30165411.5688664,Nymphalidae,4.5,5.5
Issoria lathonia,S3,NA,33484277.086251475,Nymphalidae,4.5,5.5
Issoria lathonia,S4,NA,16972416.943666667,Nymphalidae,4.5,5.5
Ithomia agnosia,S1,0.9345423555801076,16728301.56871847,Nymphalidae,3.5,4.409
Ithomia agnosia,S2,0.9200604283057948,19580140.614645783,Nymphalidae,3.5,4.409
Ithomia agnosia,S3,0.9232685157792466,17540098.892253384,Nymphalidae,3.5,4.409
Ithomia agnosia,S4,0.9702958337973928,16500230.075167876,Nymphalidae,3.5,4.409
Ithomia iphianassa,S2,1,1315044.3088749852,Nymphalidae,NA,NA
Ithomia iphianassa,S3,1,2050571.2919294324,Nymphalidae,NA,NA
Ixias marianne,S1,0.6680908054934982,6247484.839378076,Pieridae,4.5,5
Ixias marianne,S2,0.668334710496538,2844035.7454998847,Pieridae,4.5,5
Ixias marianne,S3,0.6586586570131282,2985504.6195500423,Pieridae,4.5,5
Ixias marianne,S4,0.7747264928730144,3977119.232140595,Pieridae,4.5,5
Ixias pyrene,S1,0.7549490802483484,17116021.16990789,Pieridae,4.125,5.3
Ixias pyrene,S2,0.8050772883061409,15942826.284254286,Pieridae,4.125,5.3
Ixias pyrene,S3,0.6594735866884551,19333673.18033,Pieridae,4.125,5.3
Ixias pyrene,S4,0.755601710968225,16611537.50611934,Pieridae,4.125,5.3
Jamides bochus,S1,0.8008321700501004,26736099.813410725,Lycaenidae,2.4,2.883333333
Jamides bochus,S2,0.8804091799548275,22434544.73118926,Lycaenidae,2.4,2.883333333
Jamides bochus,S3,0.7947590468600821,27367724.00470336,Lycaenidae,2.4,2.883333333
Jamides bochus,S4,0.811994634081771,25477168.603719924,Lycaenidae,2.4,2.883333333
Jamides phaseli,S1,0.6959745781147338,5357537.947598718,Lycaenidae,NA,2.3
Jamides phaseli,S2,0.5929130834569563,6368512.17908625,Lycaenidae,NA,2.3
Jamides phaseli,S3,0.7145789557914388,5819550.762825243,Lycaenidae,NA,2.3
Jamides phaseli,S4,0.6920006543504815,5278790.175493153,Lycaenidae,NA,2.3
Junonia almana,S1,0.7653143419940516,30258084.206586007,Nymphalidae,4.75,5.6
Junonia almana,S2,0.805679469039261,29727393.579905767,Nymphalidae,4.75,5.6
Junonia almana,S3,0.795741220007552,29832862.055857956,Nymphalidae,4.75,5.6
Junonia almana,S4,0.8075692237789626,26714413.982282776,Nymphalidae,4.75,5.6
Junonia atlites,S1,0.8288626914762713,24341270.16272371,Nymphalidae,5.333333333,6.333333333
Junonia atlites,S2,0.8006631617714003,26568426.15054396,Nymphalidae,5.333333333,6.333333333
Junonia atlites,S3,0.8323963669482062,24934765.37136092,Nymphalidae,5.333333333,6.333333333
Junonia atlites,S4,0.7972913206912161,26433088.650517263,Nymphalidae,5.333333333,6.333333333
Junonia coenia,S1,0.33907618910062987,15451301.5866524,Nymphalidae,3.86,6.18
Junonia coenia,S2,0.2755061895123276,21773048.302719407,Nymphalidae,3.86,6.18
Junonia coenia,S3,0.30654185260111216,23175519.15982874,Nymphalidae,3.86,6.18
Junonia coenia,S4,0.3278304526620773,16475668.592144247,Nymphalidae,3.86,6.18
Junonia evarete,S1,0.7167694015836479,59509064.73501904,Nymphalidae,4.385714286,5.591666667
Junonia evarete,S2,0.6925116532986619,65614628.10055184,Nymphalidae,4.385714286,5.591666667
Junonia evarete,S3,0.7079714277157405,64892355.03966358,Nymphalidae,4.385714286,5.591666667
Junonia evarete,S4,0.6645559227470283,67105623.23030083,Nymphalidae,4.385714286,5.591666667
Junonia genoveva,S1,0.6727484435037121,60993593.409378886,Nymphalidae,4.44,5.7875
Junonia genoveva,S2,0.686970271362273,57197035.42418898,Nymphalidae,4.44,5.7875
Junonia genoveva,S3,0.6225939051278264,69679203.16056858,Nymphalidae,4.44,5.7875
Junonia genoveva,S4,0.6897211309476615,62083167.529059194,Nymphalidae,4.44,5.7875
Junonia hedonia,S1,0.9174752574261796,28185257.167839985,Nymphalidae,3,3.2
Junonia hedonia,S2,0.8840357071651062,26892063.46166813,Nymphalidae,3,3.2
Junonia hedonia,S3,1,28334512.398906544,Nymphalidae,3,3.2
Junonia hedonia,S4,0.9349587445625936,30299385.381637417,Nymphalidae,3,3.2
Junonia hierta,S1,0.7188363202198322,84650842.24374463,Nymphalidae,4.214285714,5.333333333
Junonia hierta,S2,0.7195649949080405,99496726.70456094,Nymphalidae,4.214285714,5.333333333
Junonia hierta,S3,0.7136936851785048,129301968.81637476,Nymphalidae,4.214285714,5.333333333
Junonia hierta,S4,0.7194383775511752,100338735.74644442,Nymphalidae,4.214285714,5.333333333
Junonia iphita,S1,0.8039457687648746,23535513.456283923,Nymphalidae,4.875,6.5
Junonia iphita,S2,0.5930682094257146,78271744.18761045,Nymphalidae,4.875,6.5
Junonia iphita,S3,0.8000434479289693,51113720.32569738,Nymphalidae,4.875,6.5
Junonia iphita,S4,0.7874832196620094,25623342.799019992,Nymphalidae,4.875,6.5
Junonia lemonias,S1,0.742601322192939,15447848.851386163,Nymphalidae,4.25,5.5
Junonia lemonias,S2,0.7828117106048745,34093210.825865775,Nymphalidae,4.25,5.5
Junonia lemonias,S3,0.6821598731469015,15245884.94742342,Nymphalidae,4.25,5.5
Junonia lemonias,S4,0.7044257535918446,16561135.953271523,Nymphalidae,4.25,5.5
Junonia oenone,S1,0.7898048952991596,43057223.49500122,Nymphalidae,15.66666667,16.375
Junonia oenone,S2,0.7902771495996849,42677949.62794942,Nymphalidae,15.66666667,16.375
Junonia oenone,S3,0.791852081837672,37725594.35933014,Nymphalidae,15.66666667,16.375
Junonia oenone,S4,0.7940695202247491,44930977.62246385,Nymphalidae,15.66666667,16.375
Junonia orithya,S1,0.6920949106273402,118932034.62852412,Nymphalidae,3.633333333,4.9
Junonia orithya,S2,0.5906726148833208,145129927.2311011,Nymphalidae,3.633333333,4.9
Junonia orithya,S3,0.6695418206197964,124317730.03491215,Nymphalidae,3.633333333,4.9
Junonia orithya,S4,0.6696257722234107,140583496.83308816,Nymphalidae,3.633333333,4.9
Kallima inachus,S1,0.6897382679973267,14491358.58614659,Nymphalidae,5.75,9.2
Kallima inachus,S2,0.8066429186670343,102936414.01431942,Nymphalidae,5.75,9.2
Kallima inachus,S3,0.6467369461862259,11395062.397319138,Nymphalidae,5.75,9.2
Kallima inachus,S4,0.5386387396464991,12880053.227211468,Nymphalidae,5.75,9.2
Lachnoptera ayresii,S2,1,288770.3804661876,Nymphalidae,5,6
Lachnoptera ayresii,S3,0.7437874441172395,4320767.489628261,Nymphalidae,5,6
Lampides boeticus,S1,0.5088169340146849,370165359.4653523,Lycaenidae,2.522222222,3.283333333
Lampides boeticus,S2,0.5243561116943259,357858605.23208714,Lycaenidae,2.522222222,3.283333333
Lampides boeticus,S3,0.5032425525731542,373759069.8759221,Lycaenidae,2.522222222,3.283333333
Lampides boeticus,S4,0.5014745979327327,373814395.572504,Lycaenidae,2.522222222,3.283333333
Lasiommata megera,S1,NA,17745229.23504604,Nymphalidae,3.8,4.7
Lasiommata megera,S2,NA,18984027.766945355,Nymphalidae,3.8,4.7
Lasiommata megera,S3,NA,15571339.72302284,Nymphalidae,3.8,4.7
Lasiommata megera,S4,NA,10463425.610692436,Nymphalidae,3.8,4.7
Leptotes marina,S1,0.4721056386879162,8806887.157336622,Lycaenidae,2,2.625
Leptotes marina,S2,0.6969703063599672,33881068.70740632,Lycaenidae,2,2.625
Leptotes marina,S3,0.6223433029155093,19931107.170962505,Lycaenidae,2,2.625
Leptotes marina,S4,0.4431309090755384,11198227.961186672,Lycaenidae,2,2.625
Leptotes pirithous,S1,0.622509471281193,73708721.41924457,Lycaenidae,2.25,2.9
Leptotes pirithous,S2,0.5882776454795996,170603506.3934755,Lycaenidae,2.25,2.9
Leptotes pirithous,S3,0.5965529427665421,72401868.50837381,Lycaenidae,2.25,2.9
Leptotes pirithous,S4,0.6034713897182367,74809148.75432444,Lycaenidae,2.25,2.9
Leptotes plinius,S1,0.6844054791819615,67103705.067637265,Lycaenidae,2.066666667,2.566666667
Leptotes plinius,S2,0.7214308391108503,64932927.76961843,Lycaenidae,2.066666667,2.566666667
Leptotes plinius,S3,0.7168453186790814,65970504.51923008,Lycaenidae,2.066666667,2.566666667
Leptotes plinius,S4,0.72588983067618,64405937.35047185,Lycaenidae,2.066666667,2.566666667
Lerodea eufala,S1,0.6466973458567881,65861190.64835363,Hesperiidae,2.342857143,2.9375
Lerodea eufala,S2,0.6251772997022476,78455281.68006621,Hesperiidae,2.342857143,2.9375
Lerodea eufala,S3,0.6340589615791316,63425700.57202356,Hesperiidae,2.342857143,2.9375
Lerodea eufala,S4,0.6148168430624484,69316422.94953588,Hesperiidae,2.342857143,2.9375
Libythea celtis,S1,NA,16636267.609620074,Nymphalidae,4,5
Libythea celtis,S2,0.02387305283723501,38339955.56190131,Nymphalidae,4,5
Libythea celtis,S3,0.0201240638780881,44527495.316189095,Nymphalidae,4,5
Libythea celtis,S4,NA,2016219.134073488,Nymphalidae,4,5
Libythea labdaca,S2,1,5237522.026616132,Nymphalidae,4,4.866666667
Libythea labdaca,S3,1,14115923.79086176,Nymphalidae,4,4.866666667
Libythea laius,S2,1,19666734.54170841,Nymphalidae,4.3,3
Libythea laius,S3,0.8654995095132559,24604993.758991435,Nymphalidae,4.3,3
Libythea lepita,S1,0.4604370416898951,19293805.371898223,Nymphalidae,NA,NA
Libythea lepita,S2,0.46502194631707694,23467988.174829617,Nymphalidae,NA,NA
Libythea lepita,S3,0.12551626290952617,11470911.114443269,Nymphalidae,NA,NA
Libythea lepita,S4,0.471747053374888,19647029.319836743,Nymphalidae,NA,NA
Libythea myrrha,S1,0.8848222832068263,19005679.064651377,Nymphalidae,4.166666667,5
Libythea myrrha,S2,0.7914114151122037,23995042.111062504,Nymphalidae,4.166666667,5
Libythea myrrha,S3,0.770546782896927,25225960.82230755,Nymphalidae,4.166666667,5
Libythea myrrha,S4,0.7507700188638946,15106906.225095846,Nymphalidae,4.166666667,5
Limenitis archippus,S1,0.2515690978577956,13531254.484236328,Nymphalidae,6.38,8.12
Limenitis archippus,S2,0.22400857708397492,20760741.15789946,Nymphalidae,6.38,8.12
Limenitis archippus,S3,0.2621585903179271,18387997.90998097,Nymphalidae,6.38,8.12
Limenitis archippus,S4,0.2560702223220226,16404291.841650682,Nymphalidae,6.38,8.12
Lycaena helloides,S2,NA,12223111.345743695,Lycaenidae,2.48,3.4
Lycaena helloides,S3,NA,10357013.214599162,Lycaenidae,2.48,3.4
Lycaena hippothoe,S1,NA,9186434.050013788,Lycaenidae,2.7,3.4
Lycaena hippothoe,S2,NA,28370686.70641179,Lycaenidae,2.7,3.4
Lycaena hippothoe,S3,NA,6812884.243814327,Lycaenidae,2.7,3.4
Lycaena hippothoe,S4,NA,5982896.70016735,Lycaenidae,2.7,3.4
Lycaena phlaeas,S1,0.5431160906627188,237055070.71922785,Lycaenidae,2.3,3.35
Lycaena phlaeas,S2,0.44170828055238665,249183363.51656672,Lycaenidae,2.3,3.35
Lycaena phlaeas,S3,0.4573943808547493,225424831.4675536,Lycaenidae,2.3,3.35
Lycaena phlaeas,S4,0.4647905292808712,172764660.8125455,Lycaenidae,2.3,3.35
Lycaena rubidus,S2,NA,3280337.334636632,Lycaenidae,2.925,3.525
Lycaena rubidus,S3,NA,2118122.2970996494,Lycaenidae,2.925,3.525
Lycorea ilione,S1,0.942241973661566,28990032.470970538,Nymphalidae,7,9.25
Lycorea ilione,S2,0.9140626420356583,30930659.95462693,Nymphalidae,7,9.25
Lycorea ilione,S3,0.9158340644137384,29302174.070280805,Nymphalidae,7,9.25
Lycorea ilione,S4,0.8474800876348051,35237454.00864157,Nymphalidae,7,9.25
Manataria hercyna,S1,0.7409087829811289,49297279.948582985,Nymphalidae,6.5,8.05
Manataria hercyna,S2,0.8809897226603675,20969166.491596993,Nymphalidae,6.5,8.05
Manataria hercyna,S3,0.8085540392655415,30467792.199361276,Nymphalidae,6.5,8.05
Manataria hercyna,S4,0.7101188949834489,47903702.877054535,Nymphalidae,6.5,8.05
Maniola jurtina,S1,NA,15648055.709326636,Nymphalidae,3.65,4.5
Maniola jurtina,S2,NA,28455515.20379012,Nymphalidae,3.65,4.5
Maniola jurtina,S3,NA,29996792.85064756,Nymphalidae,3.65,4.5
Maniola jurtina,S4,NA,7862915.0532660065,Nymphalidae,3.65,4.5
Marpesia berania,S1,1,8812894.65775227,Nymphalidae,4.7,5.95
Marpesia berania,S2,1,12073991.13462339,Nymphalidae,4.7,5.95
Marpesia berania,S3,1,14654301.152716912,Nymphalidae,4.7,5.95
Marpesia berania,S4,1,9138060.4328459315,Nymphalidae,4.7,5.95
Marpesia chiron,S1,0.7692607423511791,55140645.178852305,Nymphalidae,5.56,6.414285714
Marpesia chiron,S2,0.7175627387500797,62616879.13168816,Nymphalidae,5.56,6.414285714
Marpesia chiron,S3,0.7718156905843365,54316794.348897085,Nymphalidae,5.56,6.414285714
Marpesia chiron,S4,0.8281304424871306,47295866.41643059,Nymphalidae,5.56,6.414285714
Marpesia furcula,S1,1,5310487.910917851,Nymphalidae,4,5.366666667
Marpesia furcula,S2,1,9574625.7095344,Nymphalidae,4,5.366666667
Marpesia furcula,S3,1,4303868.223492034,Nymphalidae,4,5.366666667
Marpesia furcula,S4,1,5891042.735989813,Nymphalidae,4,5.366666667
Marpesia marcella,S1,1,2638388.959594846,Nymphalidae,NA,NA
Marpesia marcella,S2,1,3806185.327148686,Nymphalidae,NA,NA
Marpesia marcella,S3,1,2975184.1934500975,Nymphalidae,NA,NA
Marpesia marcella,S4,1,4927230.160026,Nymphalidae,NA,NA
Marpesia merops,S1,1,2554269.2720017554,Nymphalidae,NA,6.4
Marpesia merops,S2,1,2691191.948657076,Nymphalidae,NA,6.4
Marpesia merops,S3,1,2904985.93336617,Nymphalidae,NA,6.4
Marpesia merops,S4,1,2660758.375134936,Nymphalidae,NA,6.4
Marpesia petreus,S1,0.7384294816849891,54843059.5963853,Nymphalidae,6.925,7.991666667
Marpesia petreus,S2,0.722761977584526,59271273.65497989,Nymphalidae,6.925,7.991666667
Marpesia petreus,S3,0.6842844817419591,62172045.82594278,Nymphalidae,6.925,7.991666667
Marpesia petreus,S4,0.777421626060303,52616102.870086215,Nymphalidae,6.925,7.991666667
Mechanitis menapis,S1,1,7232953.242322761,Nymphalidae,NA,NA
Mechanitis menapis,S2,1,7442804.402108203,Nymphalidae,NA,NA
Mechanitis menapis,S3,1,7140331.131362347,Nymphalidae,NA,NA
Mechanitis menapis,S4,1,7761759.892560747,Nymphalidae,NA,NA
Melanitis leda,S1,0.7369017172449281,133857511.94973382,Nymphalidae,5.72,7.3375
Melanitis leda,S2,0.7568293789251264,261374002.05445296,Nymphalidae,5.72,7.3375
Melanitis leda,S3,0.7334479478271084,268237013.365629,Nymphalidae,5.72,7.3375
Melanitis leda,S4,0.7327919511829223,249379258.21741545,Nymphalidae,5.72,7.3375
Melinaea lilis,S1,1,13959856.115712307,Nymphalidae,NA,NA
Melinaea lilis,S2,1,13360748.80654468,Nymphalidae,NA,NA
Melinaea lilis,S3,1,13291942.035437545,Nymphalidae,NA,NA
Melinaea lilis,S4,1,14407889.894202948,Nymphalidae,NA,NA
Melitaea athalia,S1,NA,6181528.173336957,Nymphalidae,3.525,4.5
Melitaea athalia,S2,NA,38293493.23603145,Nymphalidae,3.525,4.5
Melitaea athalia,S3,NA,10342918.986333068,Nymphalidae,3.525,4.5
Melitaea athalia,S4,NA,6510459.7508701375,Nymphalidae,3.525,4.5
Melitaea cinxia,S1,NA,9813228.131041083,Nymphalidae,3.1500000000000004,4
Melitaea cinxia,S2,NA,35822123.599021874,Nymphalidae,3.1500000000000004,4
Melitaea cinxia,S3,NA,10069495.820173994,Nymphalidae,3.1500000000000004,4
Melitaea cinxia,S4,NA,4697889.961786051,Nymphalidae,3.1500000000000004,4
Mimoides phaon,S1,0.9503912304930912,6203379.331623358,Papilionidae,4,4.2
Mimoides phaon,S2,0.6564777902378267,2088319.2938641785,Papilionidae,4,4.2
Mimoides phaon,S3,0.7287280194870905,9018021.705336172,Papilionidae,4,4.2
Mimoides phaon,S4,0.9798359016241172,6247952.140639934,Papilionidae,4,4.2
Moduza procris,S1,0.820917704689051,22014450.41146601,Nymphalidae,5.5,6.625
Moduza procris,S2,0.8801191876368265,24295739.48630436,Nymphalidae,5.5,6.625
Moduza procris,S3,0.8659291293340254,22112271.297477677,Nymphalidae,5.5,6.625
Moduza procris,S4,0.7917967741939824,22283487.16348629,Nymphalidae,5.5,6.625
Morpho achilles,S1,1,22354604.335589617,Nymphalidae,10,13.16
Morpho achilles,S2,1,20882546.853564464,Nymphalidae,10,13.16
Morpho achilles,S3,0.9127629733609748,35848543.76395505,Nymphalidae,10,13.16
Morpho achilles,S4,0.954336788312277,26073505.13957003,Nymphalidae,10,13.16
Mycalesis mineus,S1,0.8795461950282165,20947309.31377555,Nymphalidae,4,4.6
Mycalesis mineus,S2,0.7508279647035754,17681637.955078583,Nymphalidae,4,4.6
Mycalesis mineus,S3,0.7948686108537064,26086047.402602892,Nymphalidae,4,4.6
Mycalesis mineus,S4,0.8852427037315371,23715447.438709155,Nymphalidae,4,4.6
Mycalesis patnia,S1,1,866797.2221028366,Nymphalidae,4,5
Mycalesis patnia,S2,1,779832.137802193,Nymphalidae,4,5
Mycalesis patnia,S3,1,933558.4489438982,Nymphalidae,4,5
Mycalesis patnia,S4,1,938253.8755144113,Nymphalidae,4,5
Mycalesis perseus,S1,0.925140193816121,44020764.48876738,Nymphalidae,3.5,4.625
Mycalesis perseus,S2,0.821580522771682,54082971.61046674,Nymphalidae,3.5,4.625
Mycalesis perseus,S3,0.9101394277492212,46523982.607590206,Nymphalidae,3.5,4.625
Mycalesis perseus,S4,0.9199016616942944,43815024.24178403,Nymphalidae,3.5,4.625
Mylothris chloris,S1,1,13745505.800017731,Pieridae,2.794,4.9025
Mylothris chloris,S2,1,12274646.223601911,Pieridae,2.794,4.9025
Mylothris chloris,S3,1,19213281.590927523,Pieridae,2.794,4.9025
Mylothris chloris,S4,1,11816797.484961243,Pieridae,2.794,4.9025
Mylothris rueppellii,S1,0.8841038330192851,3906463.855143708,Pieridae,4.8,3.64375
Mylothris rueppellii,S2,0.8291833192303976,6181709.92978606,Pieridae,4.8,3.64375
Mylothris rueppellii,S3,0.8455705248512272,6820342.023958609,Pieridae,4.8,3.64375
Mylothris rueppellii,S4,0.7037620370392046,8323785.775894305,Pieridae,4.8,3.64375
Myscelia cyananthe,S1,0.4117659440750306,4855034.786097449,Nymphalidae,5.5,7.5
Myscelia cyananthe,S2,0.47809104993119805,5149724.131095048,Nymphalidae,5.5,7.5
Myscelia cyananthe,S3,0.43296695790718265,5476723.848649322,Nymphalidae,5.5,7.5
Myscelia cyananthe,S4,0.4877553017910521,4050088.188815117,Nymphalidae,5.5,7.5
Myscelia ethusa,S1,0.7909346004422496,4585236.960894727,Nymphalidae,6.4,7.6
Myscelia ethusa,S2,0.7782949994942182,3997036.704769387,Nymphalidae,6.4,7.6
Myscelia ethusa,S3,0.5878128904311615,5762574.842775677,Nymphalidae,6.4,7.6
Myscelia ethusa,S4,0.7528012158122762,4350056.792302009,Nymphalidae,6.4,7.6
Nacaduba beroe,S1,0.8322369359343974,17413374.91503784,Lycaenidae,2.5,3.1
Nacaduba beroe,S2,0.9616570419300916,9057575.368757743,Lycaenidae,2.5,3.1
Nacaduba beroe,S3,0.796044501646216,18711995.16823963,Lycaenidae,2.5,3.1
Nacaduba beroe,S4,0.8923922894277554,20025366.409424286,Lycaenidae,2.5,3.1
Nacaduba calauria,S1,1,12057189.479361596,Lycaenidae,2.35,2.9
Nacaduba calauria,S2,1,141580.9815853444,Lycaenidae,2.35,2.9
Nacaduba calauria,S3,1,5104616.386802509,Lycaenidae,2.35,2.9
Nacaduba kurava,S1,0.8047553627353093,56828981.80163097,Lycaenidae,2.733333333,3.266666667
Nacaduba kurava,S2,0.8078925112609399,56522612.50026442,Lycaenidae,2.733333333,3.266666667
Nacaduba kurava,S3,0.7995965973052865,67491862.49319153,Lycaenidae,2.733333333,3.266666667
Nacaduba kurava,S4,0.8374891669107734,54454626.379975714,Lycaenidae,2.733333333,3.266666667
Nathalis iole,S1,0.4374557993194222,15219381.277034665,Pieridae,2.2,3
Nathalis iole,S2,0.3803596747767399,15527919.723105172,Pieridae,2.2,3
Nathalis iole,S3,0.4396213875326367,13880133.471461942,Pieridae,2.2,3
Nathalis iole,S4,0.45871699871673466,12067730.398478638,Pieridae,2.2,3
Neopithecops zalmora,S1,0.8130043623647977,16358026.316858135,Lycaenidae,2,2.6
Neopithecops zalmora,S2,0.9219321483223823,20471267.424354535,Lycaenidae,2,2.6
Neopithecops zalmora,S3,0.8291200137830625,23054462.653158136,Lycaenidae,2,2.6
Neopithecops zalmora,S4,0.8398533014793724,22837825.238235805,Lycaenidae,2,2.6
Nepheronia argia,S1,0.79232859495965,20593711.95519504,Pieridae,4.349333333,5.444
Nepheronia argia,S2,0.8501596965599283,20098606.14003221,Pieridae,4.349333333,5.444
Nepheronia argia,S3,0.8269935472330155,20753232.046818737,Pieridae,4.349333333,5.444
Nepheronia argia,S4,0.9505416804638964,18825839.588531088,Pieridae,4.349333333,5.444
Nepheronia thalassina,S2,0.9976040532211944,16349608.792089043,Pieridae,4.264666667,5.476
Nepheronia thalassina,S3,1,6390952.467712746,Pieridae,4.264666667,5.476
Neptis hylas,S1,0.6329875624366679,67038956.53421239,Nymphalidae,4.575,5.54
Neptis hylas,S2,0.6245338630563032,69242724.02458882,Nymphalidae,4.575,5.54
Neptis hylas,S3,0.6317148419816523,69100300.79658172,Nymphalidae,4.575,5.54
Neptis hylas,S4,0.8011951966439378,27387216.38667424,Nymphalidae,4.575,5.54
Neptis jumbah,S1,0.9796017361992844,5480683.71669899,Nymphalidae,5.333333333,6.5
Neptis jumbah,S2,0.9803029773821592,7189190.326367361,Nymphalidae,5.333333333,6.5
Neptis jumbah,S3,0.7958639064867075,4992681.926634254,Nymphalidae,5.333333333,6.5
Neptis jumbah,S4,0.8723946171209741,6202731.663842907,Nymphalidae,5.333333333,6.5
Nymphalis antiopa,S1,0.24162529293835797,132667869.90099771,Nymphalidae,6.742857143,8.7
Nymphalis antiopa,S2,0.2336761600143112,153209022.84332713,Nymphalidae,6.742857143,8.7
Nymphalis antiopa,S3,0.21167710407937992,145224159.96062496,Nymphalidae,6.742857143,8.7
Nymphalis antiopa,S4,0.1989725243210376,87097023.9416509,Nymphalidae,6.742857143,8.7
Nymphalis californica,S1,NA,3182238.3077103877,Nymphalidae,5,5.95
Nymphalis californica,S2,NA,7827333.991842265,Nymphalidae,5,5.95
Nymphalis californica,S3,NA,9783959.420488404,Nymphalidae,5,5.95
Nymphalis californica,S4,NA,3955500.852035958,Nymphalidae,5,5.95
Nymphalis polychloros,S1,NA,15458548.954361416,Nymphalidae,5.6,6.8
Nymphalis polychloros,S2,NA,34170097.580613874,Nymphalidae,5.6,6.8
Nymphalis polychloros,S3,NA,23686189.179199617,Nymphalidae,5.6,6.8
Nymphalis polychloros,S4,NA,9512920.319113553,Nymphalidae,5.6,6.8
Nymphalis xanthomelas,S1,0.02961093512670108,55947439.91561966,Nymphalidae,6,7
Nymphalis xanthomelas,S2,0.00253161955321683,60945692.03276231,Nymphalidae,6,7
Nymphalis xanthomelas,S3,NA,44228232.9041475,Nymphalidae,6,7
Nymphalis xanthomelas,S4,NA,35431171.11483625,Nymphalidae,6,7
Oleria makrena,S1,1,945566.30164286,Nymphalidae,NA,NA
Oleria makrena,S2,1,2637834.471858902,Nymphalidae,NA,NA
Oleria makrena,S3,1,3315266.196039047,Nymphalidae,NA,NA
Oleria makrena,S4,1,1789742.309861651,Nymphalidae,NA,NA
Pachliopta aristolochiae,S1,0.7272446171004526,20182088.557504095,Papilionidae,7.5,10.16666667
Pachliopta aristolochiae,S2,0.5044689038509985,61927863.4850652,Papilionidae,7.5,10.16666667
Pachliopta aristolochiae,S3,0.7254874041367035,20344632.07923384,Papilionidae,7.5,10.16666667
Pachliopta aristolochiae,S4,0.8625020059724794,20874569.20060716,Papilionidae,7.5,10.16666667
Pachliopta hector,S1,1,2511889.7670735237,Papilionidae,9,11
Pachliopta hector,S2,0.9885256344992168,1856746.6146611387,Papilionidae,9,11
Pachliopta hector,S3,0.8498048081709019,4412292.665477244,Papilionidae,9,11
Pachliopta hector,S4,0.9806144264707054,3286867.946552216,Papilionidae,9,11
Pagyris cymothoe,S2,1,1133892.1317422672,Nymphalidae,NA,NA
Pagyris cymothoe,S3,1,3258065.581818201,Nymphalidae,NA,NA
Panoquina ocola,S1,0.6996263876011445,46852668.95419672,Hesperiidae,2.925,3.511111111
Panoquina ocola,S2,0.6694268968596166,42085761.40079256,Hesperiidae,2.925,3.511111111
Panoquina ocola,S3,0.4541569562345853,17696883.86227718,Hesperiidae,2.925,3.511111111
Panoquina ocola,S4,0.6496560612354965,48176509.25327739,Hesperiidae,2.925,3.511111111
Papilio aegeus,S1,0.6796596358808409,19409054.11506479,Papilionidae,NA,10.5
Papilio aegeus,S2,0.5599673171335549,141533293.41635123,Papilionidae,NA,10.5
Papilio aegeus,S3,0.6752636508679494,22963392.111996155,Papilionidae,NA,10.5
Papilio aegeus,S4,0.6804622455826737,19511961.12074524,Papilionidae,NA,10.5
Papilio crino,S1,0.9583219978836176,4008270.752636441,Papilionidae,8,10
Papilio crino,S2,0.9817581823689494,2364316.56469937,Papilionidae,8,10
Papilio crino,S3,0.9653937004556112,2643368.8479124387,Papilionidae,8,10
Papilio crino,S4,0.9515164504456728,2418473.026554552,Papilionidae,8,10
Papilio dardanus,S1,0.7865508145923392,34086442.332091734,Papilionidae,7.118,7.989
Papilio dardanus,S2,0.586004543058659,57625008.51925536,Papilionidae,7.118,7.989
Papilio dardanus,S3,0.7560376400644634,26297722.55941305,Papilionidae,7.118,7.989
Papilio dardanus,S4,0.7638599828175079,31138688.77843374,Papilionidae,7.118,7.989
Papilio demodocus,S1,0.795479750579726,82632865.75931507,Papilionidae,8,8.369166667
Papilio demodocus,S2,0.5673708252723165,70575608.90630426,Papilionidae,8,8.369166667
Papilio demodocus,S3,0.5656166179743621,77379446.95899078,Papilionidae,8,8.369166667
Papilio demodocus,S4,0.7978962355171465,79723151.83079205,Papilionidae,8,8.369166667
Papilio demoleus,S1,0.6551213598915919,233773951.1394294,Papilionidae,7.125,8.25
Papilio demoleus,S2,0.6611684273418367,228922178.97836655,Papilionidae,7.125,8.25
Papilio demoleus,S3,0.5645347665892835,230832353.34504163,Papilionidae,7.125,8.25
Papilio demoleus,S4,0.6439578697404822,204777029.4001285,Papilionidae,7.125,8.25
Papilio fuscus,S1,0.7971892497420654,10860852.62609293,Papilionidae,8,9.5
Papilio fuscus,S2,0.901175358616396,33862945.71360821,Papilionidae,8,9.5
Papilio fuscus,S3,0.8424873234541429,18013005.835450854,Papilionidae,8,9.5
Papilio fuscus,S4,0.7783491709393537,8630485.324807866,Papilionidae,8,9.5
Papilio helenus,S1,0.7507590586453271,34170509.0928227,Papilionidae,9.3,11.26
Papilio helenus,S2,0.717015774716911,37618954.558996946,Papilionidae,9.3,11.26
Papilio helenus,S3,0.7323595810414314,36088690.28110566,Papilionidae,9.3,11.26
Papilio helenus,S4,0.869184679099021,24583222.24111204,Papilionidae,9.3,11.26
Papilio machaon,S1,0.18006864585750088,140755772.04081762,Papilionidae,6.6,8.8
Papilio machaon,S2,NA,121350068.23747008,Papilionidae,6.6,8.8
Papilio machaon,S3,0.19016628223444784,140421500.70833346,Papilionidae,6.6,8.8
Papilio machaon,S4,0.00368458923642127,109235800.62640998,Papilionidae,6.6,8.8
Papilio memnon,S1,0.8175981447696368,20879949.91022087,Papilionidae,11.16666667,13.5
Papilio memnon,S2,0.7430509044344192,33534539.357121073,Papilionidae,11.16666667,13.5
Papilio memnon,S3,0.7200555250670871,54066606.9375425,Papilionidae,11.16666667,13.5
Papilio memnon,S4,0.8663591819080697,17980309.912213992,Papilionidae,11.16666667,13.5
Papilio polymnestor,S1,0.8781763386504077,3502972.092658166,Papilionidae,11.75,15
Papilio polymnestor,S2,0.9192599790401348,4400370.281607573,Papilionidae,11.75,15
Papilio polymnestor,S3,0.8524801003065079,3530578.0522715994,Papilionidae,11.75,15
Papilio polymnestor,S4,0.8609111947582451,3812649.377748942,Papilionidae,11.75,15
Papilio polytes,S1,0.8068675121785251,36156275.17784947,Papilionidae,7.625,9.625
Papilio polytes,S2,0.7255667089440212,38270734.288067505,Papilionidae,7.625,9.625
Papilio polytes,S3,0.7746633585792115,36760460.16988649,Papilionidae,7.625,9.625
Papilio polytes,S4,0.5846407342256349,104396794.45008072,Papilionidae,7.625,9.625
Papilio polyxenes,S1,0.6216768718010863,33110291.32289321,Papilionidae,6.457142857,9.542857143
Papilio polyxenes,S2,0.5929436813107735,31651347.84183259,Papilionidae,6.457142857,9.542857143
Papilio polyxenes,S3,0.6321414633294596,32476908.943539843,Papilionidae,6.457142857,9.542857143
Papilio polyxenes,S4,0.5579075833137516,25738349.44099024,Papilionidae,6.457142857,9.542857143
Papilio ulysses,S1,1,1844462.0164568808,Papilionidae,NA,10.63333333
Papilio ulysses,S2,1,6295853.200604741,Papilionidae,NA,10.63333333
Papilio ulysses,S3,1,6926662.555778072,Papilionidae,NA,10.63333333
Papilio ulysses,S4,1,5983724.336460293,Papilionidae,NA,10.63333333
Papilio xuthus,S1,0.19698815263957953,83609753.38562468,Papilionidae,6.6,9
Papilio xuthus,S2,0.16496551786293115,99755532.96730477,Papilionidae,6.6,9
Papilio xuthus,S3,0.470870668456133,129650151.57990672,Papilionidae,6.6,9
Papilio xuthus,S4,0.6503233632286091,290491689.2687095,Papilionidae,6.6,9
Parantica aglea,S1,0.8162892868953576,23878213.8547076,Nymphalidae,6.333333333,7.5
Parantica aglea,S2,0.7201036134776545,14139513.581671758,Nymphalidae,6.333333333,7.5
Parantica aglea,S3,0.7959485350522618,23557042.95106977,Nymphalidae,6.333333333,7.5
Parantica aglea,S4,0.7767446131872181,22338850.255098596,Nymphalidae,6.333333333,7.5
Parantica melaneus,S1,0.8192740868170051,10162445.171908977,Nymphalidae,7.5,8.5
Parantica melaneus,S2,0.7988755897201097,9808797.656939857,Nymphalidae,7.5,8.5
Parantica melaneus,S3,0.7776648666105629,11180570.196041094,Nymphalidae,7.5,8.5
Parantica melaneus,S4,0.8454421288212914,9464781.803070888,Nymphalidae,7.5,8.5
Parantica sita,S1,0.6431760141369396,23940707.482576378,Nymphalidae,8.5,9.25
Parantica sita,S2,0.6248352758601045,25357398.439819805,Nymphalidae,8.5,9.25
Parantica sita,S3,0.5460717347287602,29423131.18373721,Nymphalidae,8.5,9.25
Parantica sita,S4,0.6418114353939517,23523904.338609073,Nymphalidae,8.5,9.25
Pararge aegeria,S1,NA,17980366.179472983,Nymphalidae,3.5,4.15
Pararge aegeria,S2,NA,21011241.06653358,Nymphalidae,3.5,4.15
Pararge aegeria,S3,NA,19602623.967892777,Nymphalidae,3.5,4.15
Pararge aegeria,S4,NA,17300442.557270285,Nymphalidae,3.5,4.15
Pareronia valeria,S1,0.930973358700474,15186020.118218504,Pieridae,5.5,7.25
Pareronia valeria,S2,1,3314656.019934674,Pieridae,5.5,7.25
Pareronia valeria,S3,1,13864553.853777092,Pieridae,5.5,7.25
Pareronia valeria,S4,1,6348836.716068616,Pieridae,5.5,7.25
Parides anchises,S1,0.8416744548225847,17140396.46865203,Papilionidae,6,8.638461538
Parides anchises,S2,0.9135945968924248,16829929.264137488,Papilionidae,6,8.638461538
Parides anchises,S3,0.8520139206645313,18437139.5451491,Papilionidae,6,8.638461538
Parides anchises,S4,0.8447611806953107,17178252.071962524,Papilionidae,6,8.638461538
Parides erithalion,S1,0.8862373152255825,26745911.64448798,Papilionidae,6,8.75
Parides erithalion,S2,0.8955186385021581,25370077.932804357,Papilionidae,6,8.75
Parides erithalion,S3,0.92823781227755,25420270.77686684,Papilionidae,6,8.75
Parides erithalion,S4,0.927291418683918,36408765.13421893,Papilionidae,6,8.75
Parides sesostris,S1,0.9053611553204892,30525777.91060853,Papilionidae,4.512499999999999,8.3925
Parides sesostris,S2,1,16935843.32387622,Papilionidae,4.512499999999999,8.3925
Parides sesostris,S3,1,28095518.67253881,Papilionidae,4.512499999999999,8.3925
Parides sesostris,S4,1,13211823.954148768,Papilionidae,4.512499999999999,8.3925
Parnara guttatus,S1,0.7896229641721394,26679086.62062912,Hesperiidae,3.2,3.6
Parnara guttatus,S2,0.11083887034400204,12113848.337908262,Hesperiidae,3.2,3.6
Parnara guttatus,S3,0.6432394768675895,42187450.53569199,Hesperiidae,3.2,3.6
Parnara guttatus,S4,0.710637702318047,33445919.67158016,Hesperiidae,3.2,3.6
Parnassius apollo,S1,NA,10266183.904632736,Papilionidae,6.75,9.05
Parnassius apollo,S2,NA,25028963.20039752,Papilionidae,6.75,9.05
Parnassius apollo,S3,NA,26491056.79982034,Papilionidae,6.75,9.05
Parnassius apollo,S4,NA,5286834.4558446035,Papilionidae,6.75,9.05
Parnassius mnemosyne,S1,NA,7085641.789221831,Papilionidae,5.5,6.6
Parnassius mnemosyne,S2,NA,17830736.143845785,Papilionidae,5.5,6.6
Parnassius mnemosyne,S3,NA,16657728.682774168,Papilionidae,5.5,6.6
Parnassius mnemosyne,S4,NA,6957959.441610208,Papilionidae,5.5,6.6
Parnassius smintheus,S2,NA,8605341.81871878,Papilionidae,4.225,6.4
Parnassius smintheus,S3,NA,3379951.99046823,Papilionidae,4.225,6.4
Pelopidas agna,S1,0.8828118680112973,48122831.80366791,Hesperiidae,2.7,3.1
Pelopidas agna,S2,0.8414283370559652,53468171.98734705,Hesperiidae,2.7,3.1
Pelopidas agna,S3,0.8126880366598164,56245444.36966293,Hesperiidae,2.7,3.1
Pelopidas agna,S4,0.6924994668196947,66452277.89986334,Hesperiidae,2.7,3.1
Pelopidas mathias,S1,0.7733319511249638,75320898.50058278,Hesperiidae,2.641333333,2.9156
Pelopidas mathias,S2,0.7266509980365828,108644380.65515503,Hesperiidae,2.641333333,2.9156
Pelopidas mathias,S3,0.6810181915063521,130251443.26994646,Hesperiidae,2.641333333,2.9156
Pelopidas mathias,S4,0.6633404084758582,45528539.607834384,Hesperiidae,2.641333333,2.9156
Pelopidas thrax,S1,0.6781638818800418,16193551.345172511,Hesperiidae,3.8,3.96
Pelopidas thrax,S2,0.7479047243848568,17704222.441915575,Hesperiidae,3.8,3.96
Pelopidas thrax,S3,0.6513020378596237,13876199.531130126,Hesperiidae,3.8,3.96
Pelopidas thrax,S4,0.7158130572482602,29202224.3052416,Hesperiidae,3.8,3.96
Phalanta phalantha,S1,0.7285576885426321,111049094.60443628,Nymphalidae,4.6,5.714285714
Phalanta phalantha,S2,0.6552439128862401,209385423.30786583,Nymphalidae,4.6,5.714285714
Phalanta phalantha,S3,0.6415633275524174,116121575.97647248,Nymphalidae,4.6,5.714285714
Phalanta phalantha,S4,0.7539702797251138,125501859.42373882,Nymphalidae,4.6,5.714285714
Philaethria dido,S1,0.8990191881671808,33633545.1637269,Nymphalidae,4.9,7.8
Philaethria dido,S2,0.8597330237312477,37018261.549816795,Nymphalidae,4.9,7.8
Philaethria dido,S3,0.9419565045493516,34094225.363589175,Nymphalidae,4.9,7.8
Philaethria dido,S4,0.9402152190687426,31058403.516465437,Nymphalidae,4.9,7.8
Phoebis agarithe,S1,0.7333209975384252,63374756.36287459,Pieridae,5.32,6.92
Phoebis agarithe,S2,0.6547742209546585,52129296.07340988,Pieridae,5.32,6.92
Phoebis agarithe,S3,0.6304587656256874,41719288.631761424,Pieridae,5.32,6.92
Phoebis agarithe,S4,0.7774687408183666,73866986.79465728,Pieridae,5.32,6.92
Phoebis argante,S1,0.8338934347334334,47799009.681265496,Pieridae,4.92,6.53
Phoebis argante,S2,0.8284264193168933,46873827.44778286,Pieridae,4.92,6.53
Phoebis argante,S3,0.764312808103187,56777747.751554295,Pieridae,4.92,6.53
Phoebis argante,S4,0.8159583251665772,47736073.92743328,Pieridae,4.92,6.53
Phoebis neocypris,S1,0.8022349398190884,45344997.51599357,Pieridae,4.525,5.98
Phoebis neocypris,S2,0.8073643496334062,44374859.89319837,Pieridae,4.525,5.98
Phoebis neocypris,S3,0.6873875273560722,53521812.95795278,Pieridae,4.525,5.98
Phoebis neocypris,S4,0.8041528542904172,44040127.81639714,Pieridae,4.525,5.98
Phoebis philea,S1,0.7455052468330524,61284448.820579976,Pieridae,6.366666667,8.316818182
Phoebis philea,S2,0.6166546739044997,115386261.61768362,Pieridae,6.366666667,8.316818182
Phoebis philea,S3,0.6617955967299771,67299270.74973784,Pieridae,6.366666667,8.316818182
Phoebis philea,S4,0.7130923396965781,61370883.62507786,Pieridae,6.366666667,8.316818182
Phoebis sennae,S1,0.6250145222993204,74854584.06915233,Pieridae,4.911111111,6.519545455
Phoebis sennae,S2,0.617777095367592,76992397.3549338,Pieridae,4.911111111,6.519545455
Phoebis sennae,S3,0.6436909321321058,75426550.07685192,Pieridae,4.911111111,6.519545455
Phoebis sennae,S4,0.6269769091238998,76433027.8344166,Pieridae,4.911111111,6.519545455
Pholisora catullus,S1,0.19290206473774169,15539799.97689052,Hesperiidae,2.366666667,2.95
Pholisora catullus,S2,0.19629352069953723,14963127.498113716,Hesperiidae,2.366666667,2.95
Pholisora catullus,S3,0.245310943481971,20519342.58263579,Hesperiidae,2.366666667,2.95
Pholisora catullus,S4,0.05189218373233176,4449720.5338708535,Hesperiidae,2.366666667,2.95
Phyciodes picta,S1,0.3639980695837433,4277191.867473298,Nymphalidae,2.566666667,3.233333333
Phyciodes picta,S2,0.3626169875137436,5230971.302520713,Nymphalidae,2.566666667,3.233333333
Phyciodes picta,S3,0.3977792372096214,5684358.923531658,Nymphalidae,2.566666667,3.233333333
Phyciodes picta,S4,0.3332991471494156,3272679.790033376,Nymphalidae,2.566666667,3.233333333
Pieris brassicae,S1,0.5040703734397384,210468016.7837368,Pieridae,5.16,6.24
Pieris brassicae,S2,0.5248300568057724,260913956.1854813,Pieridae,5.16,6.24
Pieris brassicae,S3,0.5167195488477406,274059123.62803173,Pieridae,5.16,6.24
Pieris brassicae,S4,0.5182541805910519,128714730.99887814,Pieridae,5.16,6.24
Pieris canidia,S1,0.6021344247560372,26308059.932049416,Pieridae,4.5,5.5
Pieris canidia,S2,0.6020380221324951,28805960.326658484,Pieridae,4.5,5.5
Pieris canidia,S3,0.5124121572324044,63385639.72719595,Pieridae,4.5,5.5
Pieris canidia,S4,0.642499864882603,22734263.913816247,Pieridae,4.5,5.5
Pieris melete,S1,NA,1181079.7909795477,Pieridae,3.4,5.05
Pieris melete,S2,NA,11830339.22330032,Pieridae,3.4,5.05
Pieris melete,S3,NA,14148163.234062815,Pieridae,3.4,5.05
Pieris melete,S4,NA,6929395.036834199,Pieridae,3.4,5.05
Pieris napi,S1,0.10615576793057134,112463071.5075889,Pieridae,3.95,5.2
Pieris napi,S2,NA,103875254.83915076,Pieridae,3.95,5.2
Pieris napi,S3,0.4114622816392892,441602583.01860553,Pieridae,3.95,5.2
Pieris napi,S4,NA,53183463.59899832,Pieridae,3.95,5.2
Pieris rapae,S1,0.4865788559588484,411446629.6341431,Pieridae,3.966666667,5.03
Pieris rapae,S2,0.4924808654412513,385671384.6847353,Pieridae,3.966666667,5.03
Pieris rapae,S3,0.4929284130234308,385017310.14720666,Pieridae,3.966666667,5.03
Pieris rapae,S4,0.4777646396321723,418756362.9363352,Pieridae,3.966666667,5.03
Polygonia c-album,S1,0.00537947402659044,57358659.01362042,Nymphalidae,4.5,5.166666667
Polygonia c-album,S2,0.03222914163254867,57994003.864432275,Nymphalidae,4.5,5.166666667
Polygonia c-album,S3,0.00383885897224818,108697325.93897882,Nymphalidae,4.5,5.166666667
Polygonia c-album,S4,NA,33028667.639905505,Nymphalidae,4.5,5.166666667
Polygonia comma,S1,NA,7660607.926679942,Nymphalidae,4.675,5.675
Polygonia comma,S2,NA,6627680.288091447,Nymphalidae,4.675,5.675
Polygonia comma,S3,NA,7681473.398851462,Nymphalidae,4.675,5.675
Polygonia comma,S4,NA,5000552.100090402,Nymphalidae,4.675,5.675
Polygonia interrogationis,S1,0.2812326897143347,10088533.411012292,Nymphalidae,5.275,7.08
Polygonia interrogationis,S2,0.2345072230830584,15829216.896900054,Nymphalidae,5.275,7.08
Polygonia interrogationis,S3,0.248871468834359,13876924.312408024,Nymphalidae,5.275,7.08
Polygonia interrogationis,S4,0.25799633555699397,10933046.444376756,Nymphalidae,5.275,7.08
Polygonia progne,S1,NA,11352973.93081931,Nymphalidae,4.875,5.54
Polygonia progne,S2,NA,16233272.23463566,Nymphalidae,4.875,5.54
Polygonia progne,S3,NA,13643685.332252344,Nymphalidae,4.875,5.54
Polygonia progne,S4,NA,362872.11541956686,Nymphalidae,4.875,5.54
Polygonus leo,S1,0.8110785166460112,40545206.42655223,Hesperiidae,4.08,4.883333333
Polygonus leo,S2,0.783381903441491,47568777.19039975,Hesperiidae,4.08,4.883333333
Polygonus leo,S3,0.7618128133939733,55274834.18355653,Hesperiidae,4.08,4.883333333
Polygonus leo,S4,0.7342027615755394,49446362.18682997,Hesperiidae,4.08,4.883333333
Polyommatus icarus,S1,NA,6886982.96242668,Lycaenidae,2.8,3.9
Polyommatus icarus,S2,NA,7016084.919694274,Lycaenidae,2.8,3.9
Polyommatus icarus,S3,NA,7124296.38320927,Lycaenidae,2.8,3.9
Polyommatus icarus,S4,NA,3160392.030165481,Lycaenidae,2.8,3.9
Pontia chloridice,S2,NA,22234100.40039109,Pieridae,3.7,4
Pontia chloridice,S3,NA,19194294.55709394,Pieridae,3.7,4
Pontia daplidice,S1,0.3988463129600337,53283801.982000925,Pieridae,3.9,4.4
Pontia daplidice,S2,0.3471844762086871,68562132.66430105,Pieridae,3.9,4.4
Pontia daplidice,S3,0.5518108625232718,139143276.95791745,Pieridae,3.9,4.4
Pontia daplidice,S4,0.38951812974828853,27580523.64327167,Pieridae,3.9,4.4
Pontia edusa,S1,0.1541780272611178,37526001.06684983,NA,NA,NA
Pontia edusa,S2,NA,45709739.031676695,NA,NA,NA
Pontia edusa,S3,NA,39619823.268409595,NA,NA,NA
Pontia edusa,S4,NA,10793498.48642708,NA,NA,NA
Pontia glauconome,S1,0.481627580444516,14831118.984622177,Pieridae,4.5,3.65
Pontia glauconome,S2,NA,8052634.909812474,Pieridae,4.5,3.65
Pontia glauconome,S3,0.3668167060856382,23980105.328014594,Pieridae,4.5,3.65
Pontia glauconome,S4,0.4467169282818184,16218125.306311429,Pieridae,4.5,3.65
Pontia helice,S1,0.7126234097119173,7926377.03724718,Pieridae,19.5,13.57825
Pontia helice,S2,0.7159643011890184,7952473.595880935,Pieridae,19.5,13.57825
Pontia helice,S3,0.32275487281676574,2237275.9026181097,Pieridae,19.5,13.57825
Pontia helice,S4,0.7367604153428655,8299294.475642819,Pieridae,19.5,13.57825
Pontia occidentalis,S1,NA,21005982.73374955,Pieridae,3.6,4.68
Pontia occidentalis,S2,NA,111113346.78845827,Pieridae,3.6,4.68
Pontia occidentalis,S3,0.13203903935115108,30216509.33371273,Pieridae,3.6,4.68
Pontia occidentalis,S4,NA,2209694.6701321076,Pieridae,3.6,4.68
Pontia protodice,S1,0.33391166967820335,15676234.001494449,Pieridae,3.771428571,5.257142857
Pontia protodice,S2,0.3493282481552446,16107061.380786248,Pieridae,3.771428571,5.257142857
Pontia protodice,S3,0.2733935381658786,31148480.939333815,Pieridae,3.771428571,5.257142857
Pontia protodice,S4,0.3886235820996509,11130978.36515911,Pieridae,3.771428571,5.257142857
Prolibythea carinenta,S1,0.6285256412566066,67773993.81346452,Nymphalidae,3.9,4.760555556
Prolibythea carinenta,S2,0.5945307860785302,74056405.84194158,Nymphalidae,3.9,4.760555556
Prolibythea carinenta,S3,0.6874392856832889,60218089.054449,Nymphalidae,3.9,4.760555556
Prolibythea carinenta,S4,0.6446931108226276,70661146.52116925,Nymphalidae,3.9,4.760555556
Prosotas dubiosa,S1,0.77671344672459,58420373.87114993,Lycaenidae,2,2.5
Prosotas dubiosa,S2,0.8111192908418854,55909147.56666418,Lycaenidae,2,2.5
Prosotas dubiosa,S3,0.802118983292431,61888169.73583141,Lycaenidae,2,2.5
Prosotas dubiosa,S4,0.8285300245562869,54928882.3733179,Lycaenidae,2,2.5
Protesilaus protesilaus,S2,1,5391933.618505573,Papilionidae,6.15,8.025
Protesilaus protesilaus,S3,0.9146383143723704,29427844.80930376,Papilionidae,6.15,8.025
Protographium leosthenes,S1,0.6769419131074709,4483542.608681176,Papilionidae,NA,5.1
Protographium leosthenes,S3,0.6214816286033518,4791882.50057781,Papilionidae,NA,5.1
Protographium leosthenes,S4,0.5851945657491296,5020575.248836496,Papilionidae,NA,5.1
Pseudolycaena marsyas,S1,0.8378572840895826,22437689.758807983,Lycaenidae,3.6,5.0875
Pseudolycaena marsyas,S2,0.8503750832748945,24553394.89304269,Lycaenidae,3.6,5.0875
Pseudolycaena marsyas,S3,0.8689725140478124,21299142.57280221,Lycaenidae,3.6,5.0875
Pseudolycaena marsyas,S4,0.8944098244636642,26017232.27458517,Lycaenidae,3.6,5.0875
Psychonotis caelius,S1,0.6373491384923284,4295421.30630154,Lycaenidae,NA,2.925
Psychonotis caelius,S2,0.7069070761013535,9799564.205188254,Lycaenidae,NA,2.925
Psychonotis caelius,S3,0.7068222560363765,9838435.423726631,Lycaenidae,NA,2.925
Psychonotis caelius,S4,0.7129465554338006,9829817.887695124,Lycaenidae,NA,2.925
Pteronymia aletta,S3,1,2659262.790913287,Nymphalidae,NA,NA
Pteronymia artena,S1,1,5386035.700644295,Nymphalidae,NA,NA
Pteronymia artena,S3,1,15870536.49939138,Nymphalidae,NA,NA
Pteronymia artena,S4,1,15349360.073604535,Nymphalidae,NA,NA
Pteronymia veia,S3,1,953184.7873805286,Nymphalidae,NA,NA
Pterourus menatius,S1,0.8665537985196942,36884806.05666159,Papilionidae,7.55,9.7
Pterourus menatius,S2,0.8815892714927632,21296069.638139386,Papilionidae,7.55,9.7
Pterourus menatius,S3,0.8676681045794059,35452794.84008397,Papilionidae,7.55,9.7
Pterourus menatius,S4,0.933797637017954,20329104.49449103,Papilionidae,7.55,9.7
Pterourus troilus,S1,NA,22236292.924082436,Papilionidae,8.225,11.58
Pterourus troilus,S2,0.4973986449245903,13621340.289824504,Papilionidae,8.225,11.58
Pterourus troilus,S3,NA,5673285.4121140195,Papilionidae,8.225,11.58
Pterourus troilus,S4,NA,4584840.791335926,Papilionidae,8.225,11.58
Pyrgus communis,S1,0.5588125457700343,20115835.73615388,Hesperiidae,2.336818182,3.206818182
Pyrgus communis,S2,0.5786000839311601,29004397.00525234,Hesperiidae,2.336818182,3.206818182
Pyrgus communis,S3,0.4305340010683892,37037211.83265608,Hesperiidae,2.336818182,3.206818182
Pyrgus communis,S4,0.7390545143356164,53064425.24923525,Hesperiidae,2.336818182,3.206818182
Pyrgus malvae,S1,NA,11789060.855644103,Hesperiidae,1.1,1.4
Pyrgus malvae,S2,NA,28587523.17449812,Hesperiidae,1.1,1.4
Pyrgus malvae,S3,NA,7501171.451740161,Hesperiidae,1.1,1.4
Pyrgus malvae,S4,NA,5693778.959467535,Hesperiidae,1.1,1.4
Pyrgus scriptura,S1,NA,1542397.374488886,Hesperiidae,1.6,2.32
Pyrgus scriptura,S2,NA,3342255.0193757145,Hesperiidae,1.6,2.32
Pyrgus scriptura,S3,NA,3682642.946451448,Hesperiidae,1.6,2.32
Pyrgus scriptura,S4,NA,447734.4812589421,Hesperiidae,1.6,2.32
Pyrisitia lisa,S1,0.329018706745134,10925293.672441028,Pieridae,2.7,3.557142857
Pyrisitia lisa,S2,0.26756812190229445,11449849.854607075,Pieridae,2.7,3.557142857
Pyrisitia lisa,S3,0.3124345744593169,10962991.948886672,Pieridae,2.7,3.557142857
Pyrisitia lisa,S4,0.3784877055961598,44974794.989900254,Pieridae,2.7,3.557142857
Pyronia tithonus,S1,NA,3998399.29213984,Nymphalidae,3.4,3.8
Pyronia tithonus,S2,NA,13021323.528986836,Nymphalidae,3.4,3.8
Pyronia tithonus,S3,NA,6696677.543871992,Nymphalidae,3.4,3.8
Pyronia tithonus,S4,NA,2227312.320902761,Nymphalidae,3.4,3.8
Rapala manea,S1,0.7316622001525094,15787881.0977438,Lycaenidae,2.733333333,3.2
Rapala manea,S2,0.821215200463556,21797788.11785202,Lycaenidae,2.733333333,3.2
Rapala manea,S3,0.7560490959380476,20682824.457834836,Lycaenidae,2.733333333,3.2
Rapala manea,S4,0.7697570725416,20684077.9088819,Lycaenidae,2.733333333,3.2
Rhabdodryas trite,S1,0.7805676910561314,48478210.66774115,Pieridae,3.5,5.375714286
Rhabdodryas trite,S2,0.8686589444909599,38763621.11872607,Pieridae,3.5,5.375714286
Rhabdodryas trite,S3,0.8706945753793418,37377001.321437,Pieridae,3.5,5.375714286
Rhabdodryas trite,S4,0.900546950223215,43394397.39621488,Pieridae,3.5,5.375714286
Salamis cacta,S3,1,3886619.058350035,Nymphalidae,NA,7.5
Sarangesa dasahara,S1,0.8120833654523425,7295156.832881742,Hesperiidae,2.866666667,3.433333333
Sarangesa dasahara,S2,0.7844908792815715,7968723.541340473,Hesperiidae,2.866666667,3.433333333
Sarangesa dasahara,S3,0.6504062555446972,7925605.372661605,Hesperiidae,2.866666667,3.433333333
Sarangesa dasahara,S4,0.7098430789488797,8728754.854304034,Hesperiidae,2.866666667,3.433333333
Siproeta stelenes,S1,0.7353594885897005,59956797.89649234,Nymphalidae,7.58,9.102222222
Siproeta stelenes,S2,0.6786914369036952,115199367.56947646,Nymphalidae,7.58,9.102222222
Siproeta stelenes,S3,0.5998307456658108,109329105.17343251,Nymphalidae,7.58,9.102222222
Siproeta stelenes,S4,0.7140438598461614,57996780.102986805,Nymphalidae,7.58,9.102222222
Smyrna blomfildia,S1,0.858890700939655,43812657.15370911,Nymphalidae,7.325,8.82
Smyrna blomfildia,S2,0.8241059031452188,40972042.892410226,Nymphalidae,7.325,8.82
Smyrna blomfildia,S3,0.7805880488073988,49855443.51115752,Nymphalidae,7.325,8.82
Smyrna blomfildia,S4,0.7831588885268245,54261973.184900224,Nymphalidae,7.325,8.82
Smyrna karwinskii,S1,1,2606299.773325874,NA,NA,NA
Smyrna karwinskii,S3,1,946455.29964605,NA,NA,NA
Smyrna karwinskii,S4,1,1688861.657533723,NA,NA,NA
Strymon melinus,S1,0.7051451796925348,65947104.36806219,Lycaenidae,2.48,3.22
Strymon melinus,S2,0.5880253386643535,33385305.028241165,Lycaenidae,2.48,3.22
Strymon melinus,S3,0.4893531795276082,39340593.53253758,Lycaenidae,2.48,3.22
Strymon melinus,S4,0.49377091774096943,28344784.02014404,Lycaenidae,2.48,3.22
Symphaedra nais,S1,0.94007677209087,2300239.071089066,Nymphalidae,6,7
Symphaedra nais,S2,0.8826215607417711,3309379.926224917,Nymphalidae,6,7
Symphaedra nais,S3,0.7215978033236482,4087218.716242441,Nymphalidae,6,7
Symphaedra nais,S4,0.6517290538582231,3477296.8549527386,Nymphalidae,6,7
Tagiades japetus,S1,0.8919950296899994,47477544.36530227,Hesperiidae,3.225,3.825
Tagiades japetus,S2,0.9216202698711816,42399978.49925665,Hesperiidae,3.225,3.825
Tagiades japetus,S3,0.9074458040518149,41654378.73771415,Hesperiidae,3.225,3.825
Tagiades japetus,S4,0.9184856323491268,39294685.418080054,Hesperiidae,3.225,3.825
Tagiades litigiosa,S1,0.870971551397958,20074176.616676133,Hesperiidae,3.433333333,3.933333333
Tagiades litigiosa,S2,0.8374749357754414,19516300.470605098,Hesperiidae,3.433333333,3.933333333
Tagiades litigiosa,S3,0.8268228654643337,13676685.33718525,Hesperiidae,3.433333333,3.933333333
Tagiades litigiosa,S4,0.859269060011694,14214131.89786012,Hesperiidae,3.433333333,3.933333333
Taractrocera ceramas,S1,1,7464543.548329929,Hesperiidae,NA,NA
Taractrocera ceramas,S2,1,7737688.343308279,Hesperiidae,NA,NA
Taractrocera ceramas,S3,1,7564058.717324849,Hesperiidae,NA,NA
Tarucus theophrastus,S1,0.4576190924991103,26570861.20698897,Lycaenidae,2,2.3
Tarucus theophrastus,S2,0.4941475131716579,15614383.206968969,Lycaenidae,2,2.3
Tarucus theophrastus,S3,0.4796947126750589,29793735.034977622,Lycaenidae,2,2.3
Theclinesthes onycha,S1,0.3794772748240585,2008640.3512497551,Lycaenidae,NA,2.4
Theclinesthes onycha,S2,0.7283936950228475,2451128.2148534567,Lycaenidae,NA,2.4
Theclinesthes onycha,S3,0.5583997820271006,3290352.1409068517,Lycaenidae,NA,2.4
Theclinesthes onycha,S4,0.5583490579377614,3078504.7306139637,Lycaenidae,NA,2.4
Thymelicus lineola,S1,NA,36900072.74376711,Hesperiidae,2.316666667,2.75
Thymelicus lineola,S2,NA,76689068.92204109,Hesperiidae,2.316666667,2.75
Thymelicus lineola,S3,NA,64174298.560178645,Hesperiidae,2.316666667,2.75
Thymelicus lineola,S4,NA,19679968.418524448,Hesperiidae,2.316666667,2.75
Thyridia psidii,S1,0.9179054712327694,25710644.170128476,Nymphalidae,4.5,7.885714286
Thyridia psidii,S2,0.905975363764958,26594422.12376005,Nymphalidae,4.5,7.885714286
Thyridia psidii,S3,0.9339513992451868,24176183.16482202,Nymphalidae,4.5,7.885714286
Tirumala formosa,S1,1,3870852.014166464,Nymphalidae,8,8.5
Tirumala formosa,S3,1,2106195.309779119,Nymphalidae,8,8.5
Tirumala hamata,S1,0.6241736554807987,16748752.19349932,Nymphalidae,NA,7.333333333
Tirumala hamata,S2,0.777085726339088,257441423.4764251,Nymphalidae,NA,7.333333333
Tirumala hamata,S3,0.7892161225931884,58245928.06793195,Nymphalidae,NA,7.333333333
Tirumala hamata,S4,0.7657554672902247,190915242.6397009,Nymphalidae,NA,7.333333333
Tirumala limniace,S1,0.8865254927590762,61197341.012694895,Nymphalidae,7.166666667,8.775
Tirumala limniace,S2,0.8475758908228066,25424786.578622553,Nymphalidae,7.166666667,8.775
Tirumala limniace,S3,0.5993117497045877,75394289.70294848,Nymphalidae,7.166666667,8.775
Tirumala limniace,S4,0.8251569989809162,27597639.58893637,Nymphalidae,7.166666667,8.775
Tirumala petiverana,S1,0.8934028922167951,58099275.486249775,Nymphalidae,7.5,8.55
Tirumala petiverana,S2,0.7837841466585164,72974830.90932682,Nymphalidae,7.5,8.55
Tirumala petiverana,S3,0.8446280612968146,99156007.037054,Nymphalidae,7.5,8.55
Tirumala petiverana,S4,0.9042778282975762,61498762.644540265,Nymphalidae,7.5,8.55
Tirumala septentrionis,S1,0.7489735372799677,16446443.34675338,Nymphalidae,7.166666667,8.75
Tirumala septentrionis,S2,0.7905870035795122,23500357.765012607,Nymphalidae,7.166666667,8.75
Tirumala septentrionis,S3,0.8636254332194455,29780720.887638595,Nymphalidae,7.166666667,8.75
Tirumala septentrionis,S4,0.8434581811695996,25233907.778240573,Nymphalidae,7.166666667,8.75
Tithorea harmonia,S1,0.9238010844190006,32214264.524520136,Nymphalidae,6,7.792916667
Tithorea harmonia,S2,0.9151187116732448,29934751.411820732,Nymphalidae,6,7.792916667
Tithorea harmonia,S3,0.9258940001749948,29542075.575898446,Nymphalidae,6,7.792916667
Tithorea harmonia,S4,0.9084237364783208,28791910.5397764,Nymphalidae,6,7.792916667
Urbanus dorantes,S1,0.770525175148583,54245502.587132595,Hesperiidae,2.98,4.146923077
Urbanus dorantes,S2,0.7283913408119806,48581084.90264551,Hesperiidae,2.98,4.146923077
Urbanus dorantes,S3,0.7755909900691834,39153233.876933895,Hesperiidae,2.98,4.146923077
Urbanus dorantes,S4,0.8013245088450173,45477450.513490394,Hesperiidae,2.98,4.146923077
Urbanus proteus,S1,0.6952890513045547,67090755.037476905,Hesperiidae,3.666666667,4.773636364
Urbanus proteus,S2,0.6589379111275318,69617251.4274716,Hesperiidae,3.666666667,4.773636364
Urbanus proteus,S3,0.6422969788149258,68815970.71630245,Hesperiidae,3.666666667,4.773636364
Urbanus proteus,S4,0.6597218511307172,65536031.65577869,Hesperiidae,3.666666667,4.773636364
Urbanus simplicius,S1,0.802677481415987,45740965.88948992,Hesperiidae,3.7,4.9
Urbanus simplicius,S2,0.8032802421900318,44070993.40603202,Hesperiidae,3.7,4.9
Urbanus simplicius,S3,0.7855927445714229,54049973.72471245,Hesperiidae,3.7,4.9
Urbanus simplicius,S4,0.8282416499644825,41506334.11383635,Hesperiidae,3.7,4.9
Vagrans egista,S1,0.8562569471520666,208934328.95243117,Nymphalidae,5.5,6.333333333
Vagrans egista,S2,0.9187701352555604,48349569.46882708,Nymphalidae,5.5,6.333333333
Vagrans egista,S3,0.8398133735720578,190887059.38646948,Nymphalidae,5.5,6.333333333
Vagrans egista,S4,0.8626115731106931,41236925.71974896,Nymphalidae,5.5,6.333333333
Vanessa annabella,S1,0.3335923857008656,10642429.17332863,Nymphalidae,4.2,5.175
Vanessa annabella,S2,0.28411390337375253,10046399.816132665,Nymphalidae,4.2,5.175
Vanessa annabella,S3,0.2610596336886246,13104728.628531462,Nymphalidae,4.2,5.175
Vanessa annabella,S4,0.28562827860967266,10322937.967413217,Nymphalidae,4.2,5.175
Vanessa atalanta,S1,0.4647996427374396,131662905.27183688,Nymphalidae,4.825,6.225
Vanessa atalanta,S2,0.2214763508863812,108435052.13918775,Nymphalidae,4.825,6.225
Vanessa atalanta,S3,0.2198336612300011,90710735.9134382,Nymphalidae,4.825,6.225
Vanessa atalanta,S4,0.20247844278307411,101614565.0778862,Nymphalidae,4.825,6.225
Vanessa cardui,S1,0.5410285302600629,308904988.1674015,Nymphalidae,4.961538462,6.091388889
Vanessa cardui,S2,0.5492558453413275,311748938.7636045,Nymphalidae,4.961538462,6.091388889
Vanessa cardui,S3,0.5438380506212727,309465455.2779134,Nymphalidae,4.961538462,6.091388889
Vanessa cardui,S4,0.5316484319946081,289283367.7413949,Nymphalidae,4.961538462,6.091388889
Vanessa carye,S1,0.6206147668774467,66076888.04525919,Nymphalidae,3.05,5.3
Vanessa carye,S2,0.607761647955193,65155994.69320486,Nymphalidae,3.05,5.3
Vanessa carye,S3,0.5801029776271152,69826820.48627326,Nymphalidae,3.05,5.3
Vanessa carye,S4,0.545161984365405,71289147.25121494,Nymphalidae,3.05,5.3
Vanessa indica,S1,0.569457635588797,56724729.61806269,Nymphalidae,5.3,6.166666667
Vanessa indica,S2,0.4089169787805202,97720208.52222145,Nymphalidae,5.3,6.166666667
Vanessa indica,S3,0.4583566006971494,33678386.598416,Nymphalidae,5.3,6.166666667
Vanessa indica,S4,0.5680548300873116,26535256.98078261,Nymphalidae,5.3,6.166666667
Vanessa itea,S1,NA,9572697.405830571,Nymphalidae,4.8,5.5
Vanessa itea,S2,NA,12943495.32804153,Nymphalidae,4.8,5.5
Vanessa itea,S3,0.5159112922013128,183842232.31368145,Nymphalidae,4.8,5.5
Vanessa itea,S4,NA,13074265.398200843,Nymphalidae,4.8,5.5
Vanessa kershawi,S1,0.19658962905498467,18659171.05235569,Nymphalidae,4.935714286,6.086578947
Vanessa kershawi,S2,0.03477055995286227,6086591.392620563,Nymphalidae,4.935714286,6.086578947
Vanessa kershawi,S3,0.0366057534866174,12405526.605581686,Nymphalidae,4.935714286,6.086578947
Vanessa kershawi,S4,0.19152471527589665,17300142.14561144,Nymphalidae,4.935714286,6.086578947
Vanessa virginiensis,S1,0.5665790341705191,80231589.02939686,Nymphalidae,4.516666667,6.166666667
Vanessa virginiensis,S2,0.6114763181369968,149679437.71383005,Nymphalidae,4.516666667,6.166666667
Vanessa virginiensis,S3,0.5273240352232161,94015948.62119024,Nymphalidae,4.516666667,6.166666667
Vanessa virginiensis,S4,0.6667373580861322,112888491.6398379,Nymphalidae,4.516666667,6.166666667
Vindula erota,S1,0.8675942962902864,19221651.91267307,Nymphalidae,7.4,10
Vindula erota,S2,0.8895984588235017,19785054.4854684,Nymphalidae,7.4,10
Vindula erota,S3,0.8669848338038005,18426527.44249302,Nymphalidae,7.4,10
Vindula erota,S4,0.8583457432982874,18844888.96539323,Nymphalidae,7.4,10
Yoma sabina,S1,1,37865819.23439431,Nymphalidae,6.5,7.5
Yoma sabina,S2,0.8693198705103314,46816853.2913757,Nymphalidae,6.5,7.5
Yoma sabina,S3,0.8977566186963893,29596264.76033136,Nymphalidae,6.5,7.5
Yoma sabina,S4,0.8689283326172375,38896224.1990549,Nymphalidae,6.5,7.5
Ypthima asterope,S1,0.6758887765446637,78114900.91457662,Nymphalidae,3,3.45
Ypthima asterope,S2,0.7351957966263977,74839213.68803747,Nymphalidae,3,3.45
Ypthima asterope,S3,0.6666612180352591,81451605.15449947,Nymphalidae,3,3.45
Ypthima asterope,S4,0.7884582181858862,62389937.092594765,Nymphalidae,3,3.45
Ypthima huebneri,S1,0.687905413374497,12686203.673434988,Nymphalidae,2.933333333,3.566666667
Ypthima huebneri,S2,0.7300487781719219,11326396.684347833,Nymphalidae,2.933333333,3.566666667
Ypthima huebneri,S3,0.7974618531365048,22109966.509499166,Nymphalidae,2.933333333,3.566666667
Ypthima huebneri,S4,0.7753059643506243,10995676.9200241,Nymphalidae,2.933333333,3.566666667
Zegris eupheme,S1,NA,12378913.158297343,Pieridae,4.6,5
Zegris eupheme,S2,NA,18978637.875488017,Pieridae,4.6,5
Zerene cesonia,S1,0.6864453373884297,48285298.99624692,Pieridae,4.7125,5.822222222
Zerene cesonia,S2,0.6759207064270668,53287808.6799475,Pieridae,4.7125,5.822222222
Zerene cesonia,S3,0.7136736945527486,29223397.344812613,Pieridae,4.7125,5.822222222
Zerene cesonia,S4,0.6821541215330983,44910914.15379257,Pieridae,4.7125,5.822222222
Zerynthia cerisyi,S1,NA,28799.7756609913,Papilionidae,5.1,6.2
Zerynthia cerisyi,S2,NA,1852361.9714894616,Papilionidae,5.1,6.2
Zizeeria karsandra,S1,0.6842016065991828,102623139.72352745,Lycaenidae,1.76,2.271428571
Zizeeria karsandra,S2,0.6575925793593138,119345445.122739,Lycaenidae,1.76,2.271428571
Zizeeria karsandra,S3,0.7246464446137081,107937743.393721,Lycaenidae,1.76,2.271428571
Zizeeria karsandra,S4,0.7111271760220444,97598832.968061,Lycaenidae,1.76,2.271428571
Zizina labradus,S1,0.42159039649254026,132514477.56142256,NA,NA,NA
Zizina labradus,S2,0.4840818103815552,135463264.17854902,NA,NA,NA
Zizina labradus,S3,0.4059457082874283,128675695.872048,NA,NA,NA
Zizina labradus,S4,0.6267123387048874,44984149.06689485,NA,NA,NA
Zizina otis,S1,0.6563587658677756,287877362.41011864,Lycaenidae,1.81875,2.43
Zizina otis,S2,0.6671141484194354,299588422.593434,Lycaenidae,1.81875,2.43
Zizina otis,S3,0.6563274875984939,303100057.93742716,Lycaenidae,1.81875,2.43
Zizina otis,S4,0.6423296240664058,309649770.01271576,Lycaenidae,1.81875,2.43
Zizula hylax,S1,0.7222768819755615,121523202.212358,Lycaenidae,1.6,4.233333333
Zizula hylax,S2,0.7459756139446269,125333537.83961082,Lycaenidae,1.6,4.233333333
Zizula hylax,S3,0.7232351287708514,126427661.34407574,Lycaenidae,1.6,4.233333333
Zizula hylax,S4,0.7547399298780043,114507974.3059109,Lycaenidae,1.6,4.233333333
